section_id,en,bg,hr,cs,da,nl,et,fi,fr,de,el,hu,ga,it,lv,lt,mt,pl,pt,ro,sk,sl,es,sv,tr,ru,uk,nb,no,icon,sort_order_section
SEC_0001,Accessibility Services,Услуги за достъпност,Usluge pristupačnosti,Služby usnadnění,Tilgængelighedstjenester,Toegankelijkheidsdiensten,Juurdepääsetavusteenused,Esteettömyyspalvelut,Services d'accessibilité,Zugänglichkeitsdienste,Υπηρεσίες προσβασιμότητας,Kisegítő lehetőségek,Seirbhísí Inrochtaineachta,Servizi di accessibilità,Pieejamības pakalpojumi,Prieinamumo paslaugos,Servizzi ta' Aċċessibbiltà,Usługi ułatwienia dostępu,Serviços de Acessibilidade,Servicii de accesibilitate,Služby dostupnosti,Storitve dostopnosti,Servicios de accesibilidad,Tillgänglighetstjänster,Erişilebilirlik Hizmetleri,Услуги доступности,Служби доступності,Tilgjengelighetstjenester,Tilgjengelighetstjenester,house.svg,10
SEC_0002,Adventure & Survival,Приключения и оцеляване,Avantura i preživljavanje,Dobrodružství a přežití,Eventyr og overlevelse,Avontuur & Overleven,Seiklus ja ellujäämine,Seikkailu & Survival,Aventure et survie,Abenteuer & Überleben,Περιπέτεια & Επιβίωση,Kaland és túlélés,Eachtraíochta & Marthanais,Avventura e sopravvivenza,Piedzīvojumi un izdzīvošana,Nuotykiai ir išgyvenimas,Avventura u Sopravivenza,Przygoda i przetrwanie,Aventura e Sobrevivência,Aventură și supraviețuire,Dobrodružstvo a prežitie,Pustolovščina in preživetje,Aventura y supervivencia,Äventyr & överlevnad,Macera ve Hayatta Kalma,Приключения и выживание,Пригоди та виживання,Eventyr og overlevelse,Eventyr og overlevelse,house.svg,20
SEC_0003,Aerospace & Space,Аерокосмическа и космонавтика,Zrakoplovstvo i svemir,Aerospace & Space,Luft- og rumfart,Lucht- en ruimtevaart,Lennundus ja kosmos,Ilmailu ja avaruus,Aérospatiale et espace,Luft- und Raumfahrt,Αεροδιαστημική & Διάστημα,Repülés és űr,Aeraspáis & Spás,Aerospaziale e spazio,Aviācija un kosmoss,Aviacija ir kosmosas,Aerospazjali u Spazjali,Lotnictwo i przestrzeń kosmiczna,Aeroespacial e Espaço,Aerospațial și spațiu,Letectvo a vesmír,Letalstvo in vesolje,Aeroespacial y espacio,Flyg och rymd,Havacılık ve Uzay,Аэрокосмическая промышленность и космос,Аерокосмічна промисловість,Luftfart og romfart,Luftfart og romfart,flower.svg,30
SEC_0004,Agriculture & Farming,Селско стопанство и земеделие,Poljoprivreda i uzgoj,Zemědělství a farmaření,Landbrug & Landbrug,Landbouw en veeteelt,Põllumajandus ja põllumajandus,Maatalous ja maanviljely,Agriculture et élevage,Landwirtschaft & Ackerbau,Γεωργία & Γεωργία,Mezőgazdaság és gazdálkodás,Talmhaíocht & Feirmeoireacht,Agricoltura e allevamento,Lauksaimniecība un lauksaimniecība,Žemės ūkis ir ūkininkavimas,Agrikoltura u Biedja,Rolnictwo i hodowla,Agricultura e Pecuária,Agricultura & Agricultura,Poľnohospodárstvo a poľnohospodárstvo,Kmetijstvo in kmetijstvo,Agricultura y ganadería,Jordbruk & lantbruk,Tarım ve Çiftçilik,Сельское хозяйство и фермерство,Сільське господарство та фермерство,Landbruk og oppdrett,Landbruk og oppdrett,house.svg,40
SEC_0005,Animal & Veterinary Services,Животновъдни и ветеринарни услуги,Usluge za životinje i veterinarstvo,Zvířecí a veterinární služby,Dyre- og veterinærservice,Dieren- en veterinaire diensten,Looma- ja veterinaarteenused,Eläin- ja eläinlääkintäpalvelut,Services animaliers et vétérinaires,Tier- und Veterinärdienste,Υπηρεσίες Ζώων & Κτηνιατρικών Υπηρεσιών,Állat- és állatorvosi szolgáltatások,Seirbhísí Ainmhithe & Tréidliachta,Servizi veterinari e per animali,Dzīvnieku un veterinārie pakalpojumi,Gyvūnų ir veterinarijos tarnybos,Servizzi tal-Annimali u Veterinarji,Usługi weterynaryjne i weterynaryjne,Serviços Veterinários e Animais,Servicii veterinare și animale,Zvieracie a veterinárne služby,Živalske in veterinarske storitve,Servicios veterinarios y para animales,Djur- och veterinärtjänster,Hayvan ve Veterinerlik Hizmetleri,Услуги для животных и ветеринаров,Зоотехніка та ветеринарні послуги,Dyre- og veterinærtjenester,Dyre- og veterinærtjenester,house.svg,50
SEC_0006,Art & Culture,Изкуство и култура,Umjetnost i kultura,Umění a kultura,Kunst & Kultur,Kunst & Cultuur,Kunst ja kultuur,Taide & Kulttuuri,Art et culture,Kunst & Kultur,Τέχνη & Πολιτισμός,Művészet és kultúra,Ealaín & Cultúr,Arte e cultura,Māksla un kultūra,Menas ir kultūra,Arti u Kultura,Sztuka i kultura,Arte e Cultura,Artă și cultură,Umenie a kultúra,Umetnost in kultura,Arte y cultura,Konst & Kultur,Sanat ve Kültür,Искусство и культура,Мистецтво та культура,Kunst og kultur,Kunst og kultur,house.svg,60
SEC_0007,Arts & Culture,Изкуство и култура,Umjetnost i kultura,Umění a kultura,Kunst & Kultur,Kunst & Cultuur,Kunst ja kultuur,Taide ja kulttuuri,Arts et culture,Kunst & Kultur,Τέχνες & Πολιτισμός,Művészetek és kultúra,Ealaíona & Cultúr,Arte e cultura,Māksla un kultūra,Menai ir kultūra,Arti u Kultura,Sztuka i kultura,Artes e Cultura,Artă și cultură,Umenie a kultúra,Umetnost in kultura,Artes y cultura,Konst & Kultur,Sanat ve Kültür,Искусство и культура,Мистецтво та культура,Kunst og kultur,Kunst og kultur,house.svg,70
SEC_0008,Automotive,Автомобилна,Automobilizam,Automobilový průmysl,Automotive,Automobiel,Autotööstus,Autoteollisuus,Automobile,Automobilindustrie,Αυτοκίνητο,Autóipar,Feithicleach,Automobilistico,Automobiļi,Automobiliai,Automotive,Automobilowy,Automotivo,Automobile,Automobilový priemysel,Avtomobilizem,Automotor,Bil,Otomotiv,Автомобильная промышленность,Автомобільний,Automotive,Automotive,house.svg,80
SEC_0009,Beauty,красота,Ljepota,Krása,Skønhed,Schoonheid,Ilu,Kauneus,Beauté,Schönheit,Ομορφιά,Szépség,Áilleacht,Bellezza,Skaistums,Grožis,Sbuħija,Uroda,Beleza,Frumuseţe,Krása,Lepota,Belleza,Skönhet,Güzellik,Красота,Краса,Skjønnhet,Skjønnhet,flower.svg,90
SEC_0010,Business,Бизнес,posao,podnikání,Forretning,Bedrijf,Äri,Business,Entreprise,Geschäft,Επιχείρηση,Üzleti,Gnó,Attività commerciale,Bizness,Verslas,Negozju,Biznes,Negócios,Afaceri,Podnikanie,Posel,Negocio,Företag,İşletme,Бизнес,Бізнес,Business,Business,house.svg,100
SEC_0011,Business & Commercial,Бизнес и търговия,Posao i komercijala,Obchodní a komerční,Erhverv & Kommerciel,Zakelijk & Commercieel,Äri ja kaubandus,Liiketoiminta ja kaupallinen,Affaires et commerce,Geschäfts- und Handelsgeschäft,Επιχειρηματικό & Εμπορικό,Üzleti és kereskedelmi,Gnó & Tráchtála,Affari e commercio,Bizness un komercdarbība,Verslas ir komercija,Negozju u Kummerċjali,Biznes i handel,Negócios e Comercial,Afaceri & Comerciale,Obchod a obchod,Posel in komerciala,Negocios y Comercial,Företag & Kommersiellt,İş ve Ticaret,Бизнес и коммерция,Бізнес & Комерція,Forretninger og kommersielle,Forretninger og kommersielle,house.svg,110
SEC_0012,Business Services,Бизнес услуги,Poslovne usluge,Obchodní služby,Business Services,Zakelijke dienstverlening,Äriteenused,Yrityspalvelut,Services aux entreprises,Lösungen & Services,Υπηρεσίες Επιχειρήσεων,Üzleti szolgáltatások,Seirbhísí Gnó,Servizi aziendali,Biznesa pakalpojumi,Verslo paslaugos,Servizzi tan-Negozju,Usługi biznesowe,Serviços Empresariais,Servicii pentru afaceri,Obchodné služby,Poslovne storitve,Servicios empresariales,Företagstjänster,İş Hizmetleri,Бизнес-услуги,Бізнес-послуги,Bedriftstjenester,Bedriftstjenester,house.svg,120
SEC_0013,Business Support,Бизнес подкрепа,Poslovna podrška,Podpora podnikání,Forretningsstøtte,Bedrijfsondersteuning,Ettevõtluse tugi,Yritystuki,Soutien aux entreprises,Unternehmensunterstützung,Υποστήριξη Επιχειρήσεων,Üzleti támogatás,Tacaíocht Gnó,Supporto aziendale,Biznesa atbalsts,Verslo palaikymas,Appoġġ tan-Negozju,Wsparcie biznesowe,Suporte Empresarial,Suport pentru afaceri,Podpora podnikania,Poslovna podpora,Apoyo empresarial,Affärsstöd,İş Desteği,Поддержка бизнеса,Підтримка бізнесу,Forretningsstøtte,Forretningsstøtte,house.svg,130
SEC_0014,Child Services,Услуги за деца,Služba za djecu,Služby pro děti,Børneservice,Kinderdiensten,Lasteteenused,Lasten palvelut,Services à l'enfance,Kinderbetreuung,Υπηρεσίες παιδιών,Gyermekszolgálatok,Seirbhísí Leanaí,Servizi per l'infanzia,Bērnu pakalpojumi,Vaikų paslaugos,Servizzi tat-Tfal,Opieka nad dziećmi,Serviços Infantis,Servicii pentru copii,Služby pre deti,Storitve za otroke,Servicios para niños,Barntjänster,Çocuk Hizmetleri,Службы по защите детей,Служби у справах дітей,Barnetjenester,Barnetjenester,house.svg,140
SEC_0015,Civic Services,Граждански служби,Državne službe,Občanské služby,Borgerservice,Burgerlijke diensten,Kodanikuteenused,Kansalaispalvelut,Services civiques,Bürgerdienste,Πολιτικές Υπηρεσίες,Polgári szolgáltatások,Seirbhísí Cathartha,Servizi civici,Pilsoniskie pakalpojumi,Pilietinės paslaugos,Servizzi Ċiviċi,Usługi obywatelskie,Serviços Cívicos,Servicii civice,Občianske služby,Državne službe,Servicios Cívicos,Civic Services,Sivil Hizmetler,Гражданские услуги,Державні служби,Civic Services,Civic Services,house.svg,150
SEC_0016,Cleaning,Почистване,Čišćenje,Čištění,Rensning,Schoonmaak,Puhastamine,Puhdistus,Nettoyage,Reinigung,Καθάρισμα,Tisztítás,Glanadh,Pulizia,Tīrīšana,Valymas,Tindif,Czyszczenie,Limpeza,Curatenie,Upratovanie,Čiščenje,Limpieza,Rengöring,Temizlik,Уборка,прибирання,Rengjøring,Rengjøring,cleaning.svg,160
SEC_0017,Commercial Services,Търговски услуги,Komercijalne usluge,Komerční služby,Kommercielle tjenester,Commerciële diensten,Kaubandusteenused,Kaupalliset palvelut,Services commerciaux,Kommerzielle Dienstleistungen,Εμπορικές Υπηρεσίες,Kereskedelmi szolgáltatások,Seirbhísí Tráchtála,Servizi commerciali,Komerciālie pakalpojumi,Komercinės paslaugos,Servizzi Kummerċjali,Usługi komercyjne,Serviços Comerciais,Servicii Comerciale,Komerčné služby,Komercialne storitve,Servicios comerciales,Kommersiella tjänster,Ticari Hizmetler,Коммерческие услуги,Комерційні послуги,Kommersielle tjenester,Kommersielle tjenester,house.svg,170
SEC_0018,Community & Culture,Общност и култура,Zajednica i kultura,Komunita a kultura,Fællesskab & Kultur,Gemeenschap & Cultuur,Kogukond ja kultuur,Yhteisö ja kulttuuri,Communauté et culture,Gemeinschaft & Kultur,Κοινότητα & Πολιτισμός,Közösség és kultúra,Pobal & Cultúr,Comunità e cultura,Kopiena un kultūra,Bendruomenė ir kultūra,Komunità u Kultura,Społeczność i kultura,Comunidade e Cultura,Comunitate și cultură,Komunita a kultúra,Skupnost in kultura,Comunidad y cultura,Gemenskap & Kultur,Topluluk ve Kültür,Сообщество и культура,Спільнота та культура,Fellesskap og kultur,Fellesskap og kultur,house.svg,180
SEC_0019,Community Services,Обществени услуги,Društvene usluge,Komunitní služby,Samfundstjenester,Gemeenschapsdiensten,Ühiskondlikud teenused,Yhteisöpalvelut,Services communautaires,Gemeinschaftsdienste,Κοινοτικές Υπηρεσίες,Közösségi szolgáltatások,Seirbhísí Pobail,Servizi alla comunità,Sabiedriskie pakalpojumi,Bendruomenės paslaugos,Servizzi tal-Komunità,Usługi społeczne,Serviços Comunitários,Servicii comunitare,Komunitné služby,Skupnostne storitve,Servicios comunitarios,Samhällstjänster,Toplum Hizmetleri,Общественные услуги,Громадські послуги,Samfunnstjenester,Samfunnstjenester,house.svg,190
SEC_0020,Community Support,Подкрепа от общността,Podrška zajednice,Podpora komunity,Fællesskabsstøtte,Gemeenschapsondersteuning,Kogukonna tugi,Yhteisön tuki,Soutien communautaire,Community-Unterstützung,Κοινοτική υποστήριξη,Közösségi támogatás,Tacaíocht Pobail,Supporto della comunità,Kopienas atbalsts,Bendruomenės parama,Appoġġ tal-Komunità,Wsparcie społeczności,Apoio à Comunidade,Sprijin comunitar,Podpora komunity,Podpora skupnosti,Apoyo comunitario,Samhällsstöd,Topluluk Desteği,Поддержка сообщества,Підтримка спільноти,Fellesskapsstøtte,Fellesskapsstøtte,house.svg,200
SEC_0021,Compliance & Risk,Съответствие и риск,Usklađenost i rizik,Compliance & Risk,Overholdelse og risiko,Compliance en risico,Vastavus ja risk,Vaatimustenmukaisuus ja riski,Conformité et risque,Compliance und Risiko,Συμμόρφωση & Κίνδυνος,Megfelelés és kockázat,Comhlíonadh & Riosca,Conformità e rischio,Atbilstība un risks,Atitiktis ir rizika,Konformità u Riskju,Zgodność i ryzyko,Conformidade e Risco,Conformitate și risc,Súlad a riziko,Skladnost in tveganje,Cumplimiento y Riesgo,Efterlevnad & risk,Uyumluluk ve Risk,Соответствие требованиям и риски,Відповідність і ризик,Samsvar og risiko,Samsvar og risiko,house.svg,210
SEC_0022,Construction,Строителство,Izgradnja,Konstrukce,Konstruktion,Bouw,Ehitus,Rakentaminen,Construction,Konstruktion,Κατασκευή,Építés,Tógáil,Costruzione,Būvniecība,Statyba,Kostruzzjoni,Budowa,Construção,Constructii,Stavebníctvo,Gradnja,Construcción,Konstruktion,Yapı,Строительство,Будівництво,Konstruksjon,Konstruksjon,house.svg,220
SEC_0023,Construction & Repair,Строителство и ремонт,Izgradnja i popravak,Konstrukce a opravy,Byggeri & Reparation,Bouw & Reparatie,Ehitus ja remont,Rakentaminen ja korjaus,Construction et réparation,Bau & Reparatur,Κατασκευή & Επισκευή,Építés és javítás,Tógáil & Deisiúchán,Costruzione e riparazione,Celtniecība un remonts,Statyba ir remontas,Kostruzzjoni u Tiswija,Budowa i naprawa,Construção e Reparo,Constructii & Reparatii,Výstavba a opravy,Gradnja in popravila,Construcción y reparación,Bygg & Reparation,İnşaat ve Onarım,Строительство и ремонт,Будівництво та ремонт,Bygg og reparasjon,Bygg og reparasjon,repairs.svg,230
SEC_0024,Consulting & Advisory,Консултации и съвети,Savjetovanje i savjetovanje,Konzultace a poradenství,Rådgivning & Rådgivning,Consulting & Advies,Nõustamine ja nõustamine,Konsultointi ja neuvonta,Conseil et conseil,Beratung & Advisory,Συμβουλευτική & Συμβουλευτική,Tanácsadás és tanácsadás,Comhairliúchán & Comhairleach,Consulenza e advisory,Konsultācijas un konsultācijas,Konsultacijos ir patarimai,Konsulenza u Konsulenza,Konsultacje i doradztwo,Consultoria e Assessoria,Consultanță și consiliere,Poradenstvo a poradenstvo,Svetovanje in svetovanje,Consultoría y Asesoría,Konsult & Rådgivning,Danışmanlık ve Danışmanlık,Консалтинг и консультации,Консалтинг і консультування,Rådgivning og rådgivning,Rådgivning og rådgivning,house.svg,240
SEC_0025,Corporate Services,Корпоративни услуги,Korporativne usluge,Firemní služby,Virksomhedstjenester,Bedrijfsdiensten,Ettevõtteteenused,Yrityspalvelut,Services aux entreprises,Unternehmensdienstleistungen,Εταιρικές Υπηρεσίες,Vállalati szolgáltatások,Seirbhísí Corparáideacha,Servizi aziendali,Korporatīvie pakalpojumi,Įmonės paslaugos,Servizzi Korporattivi,Usługi korporacyjne,Serviços Corporativos,Servicii corporative,Firemné služby,Poslovne storitve,Servicios corporativos,Företagstjänster,Kurumsal Hizmetler,Корпоративные услуги,Корпоративні послуги,Bedriftstjenester,Bedriftstjenester,house.svg,250
SEC_0026,Craftsmanship,Майсторство,Zanatsko umijeće,Řemeslná zručnost,Håndværk,Vakmanschap,Käsitöö,Käsityötaitoa,Artisanat,Handwerkskunst,Δεξιοτεχνία,Kézművesség,Ceardaíocht,Artigianato,Meistarība,Meistriškumas,Sengħa,Rzemiosło,Artesanato,Măiestrie,Remeselná zručnosť,Izdelava,Artesanía,Hantverk,Zanaatkarlık,Мастерство,Майстерність,Håndverk,Håndverk,house.svg,260
SEC_0027,Creative & Arts,Творчество и изкуства,Kreativno i umjetnost,Creative & Arts,Kreativ og kunst,Creatief & Kunst,Looming ja kunst,Luova ja taide,Créatif et Arts,Kreativ & Kunst,Δημιουργικό & Τέχνες,Kreatív és művészet,Cruthaitheach & Ealaíon,Creatività e arti,Creative & Arts,Kūryba ir menai,Kreattiv u Arti,Kreatywność i sztuka,Criativo e Artes,Creativ și Artă,Creative & Arts,Ustvarjalnost in umetnost,Creatividad y artes,Skapande och konst,Yaratıcı ve Sanatlar,Творчество и искусство,Творчість і мистецтво,Kreativ og kunst,Kreativ og kunst,house.svg,270
SEC_0028,Creative & Digital Media / Marketing,Творчески и цифрови медии / Маркетинг,Kreativni i digitalni mediji / marketing,Kreativní a digitální média / Marketing,Kreative & Digitale Medier / Marketing,Creatieve & Digitale Media / Marketing,Loominguline ja digitaalne meedia / Turundus,Luova ja digitaalinen media / Markkinointi,Médias créatifs et numériques / Marketing,Kreative & Digitale Medien / Marketing,Δημιουργικά & Ψηφιακά Μέσα / Μάρκετινγκ,Kreatív és digitális média / Marketing,Na Meáin Chruthaitheacha & Digiteacha / Margaíocht,Media creativi e digitali / Marketing,Radošie un digitālie mediji / Mārketings,Kūrybinė ir skaitmeninė medija / Rinkodara,Midja Kreattiva u Diġitali / Marketing,Kreatywne i cyfrowe media / Marketing,Mídia Criativa e Digital / Marketing,Creative & Digital Media / Marketing,Kreatívne a digitálne médiá / Marketing,Ustvarjalni in digitalni mediji / trženje,Medios creativos y digitales / Marketing,Kreativa och digitala medier / marknadsföring,Yaratıcı ve Dijital Medya / Pazarlama,Креативные и цифровые медиа/маркетинг,Творчі та цифрові медіа / Маркетинг,Kreative og digitale medier / markedsføring,Kreative og digitale medier / markedsføring,house.svg,280
SEC_0029,Creative & Media,Творчество и медии,Kreativno i mediji,Creative & Media,Kreativ og medier,Creatief & Media,Loominguline ja meedia,Luovuus ja media,Créatif et Médias,Kreativ & Medien,Creative & Media,Kreatív és média,Cruthaitheach & Meáin,Creatività e media,Creative & Media,Kūryba ir medija,Kreattiv & Media,Kreatywność i media,Criativo e Mídia,Creativ și media,Creative & Media,Ustvarjalno in mediji,Creatividad y medios,Kreativ och media,Yaratıcı ve Medya,Креатив и медиа,Креатив і ЗМІ,Kreativt og media,Kreativt og media,house.svg,290
SEC_0030,Cultural Services,Културни услуги,Kulturne usluge,Kulturní služby,Kulturelle tjenester,Culturele diensten,Kultuuriteenused,Kulttuuripalvelut,Services culturels,Kulturelle Dienstleistungen,Πολιτιστικές Υπηρεσίες,Kulturális szolgáltatások,Seirbhísí Cultúir,Servizi culturali,Kultūras pakalpojumi,Kultūros paslaugos,Servizzi Kulturali,Usługi kulturalne,Serviços Culturais,Servicii culturale,Kultúrne služby,Kulturne storitve,Servicios culturales,Kulturtjänster,Kültür Hizmetleri,Культурные услуги,Культурні послуги,Kulturtjenester,Kulturtjenester,house.svg,300
SEC_0031,Cybersecurity,Киберсигурност,Kibernetička sigurnost,Kybernetická bezpečnost,Cybersikkerhed,Cyberbeveiliging,Küberturvalisus,Kyberturvallisuus,Cybersécurité,Cybersicherheit,Κυβερνοασφάλεια,Kiberbiztonság,Cibearshlándáil,Sicurezza informatica,Kiberdrošība,Kibernetinis saugumas,Ċibersigurtà,Cyberbezpieczeństwo,Cibersegurança,securitate cibernetică,Kybernetická bezpečnosť,Kibernetska varnost,Ciberseguridad,Cybersäkerhet,Siber güvenlik,Кибербезопасность,Кібербезпека,Cybersikkerhet,Cybersikkerhet,house.svg,310
SEC_0032,Data & Analytics,Данни и анализи,Podaci i analitika,Data a analýzy,Data & Analytics,Gegevens en analyses,Andmed ja analüüs,Data & Analytics,Données et analyses,Daten und Analysen,Δεδομένα & Αναλύσεις,Adatok és elemzések,Sonraí & Anailísíocht,Dati e analisi,Dati un analīze,Duomenys ir analizė,Data u Analitiċi,Dane i analityka,Dados e Análises,Date și analize,Údaje a analýza,Podatki in analitika,Datos y análisis,Data & Analytics,Veri ve Analitik,Данные и аналитика,Дані та аналітика,Data og analyse,Data og analyse,house.svg,320
SEC_0033,Defence & Security,Отбрана и сигурност,Obrana i sigurnost,Obrana a bezpečnost,Forsvar & Sikkerhed,Defensie en Veiligheid,Kaitse ja julgeolek,Puolustus ja turvallisuus,Défense et sécurité,Verteidigung und Sicherheit,Άμυνας & Ασφάλειας,Védelem és biztonság,Cosaint & Slándáil,Difesa e sicurezza,Aizsardzība un drošība,Gynyba ir saugumas,Difiża u Sigurtà,Obrona i bezpieczeństwo,Defesa e Segurança,Apărare și securitate,Obrana a bezpečnosť,Obramba in varnost,Defensa y seguridad,Försvar & Säkerhet,Savunma ve Güvenlik,Оборона и безопасность,Оборона та безпека,Forsvar og sikkerhet,Forsvar og sikkerhet,house.svg,330
SEC_0034,Digital & Creative,Цифрови и творчески,Digitalno i kreativno,Digitální a kreativní,Digital & Kreativ,Digitaal & Creatief,Digitaalne ja loominguline,Digitaalinen ja luova,Numérique et créatif,Digital & Kreativ,Ψηφιακή & Δημιουργική,Digitális és kreatív,Digiteach & Cruthaitheach,Digitale e creativo,Digitālais un radošais,Skaitmeninis ir kūrybinis,Diġitali u Kreattivi,Cyfrowe i kreatywne,Digital e Criativo,Digital și creativ,Digitálne a kreatívne,Digitalno in ustvarjalno,Digital y Creativo,Digital & Kreativ,Dijital ve Yaratıcı,Цифровые и креативные,Цифровий і творчий,Digital og kreativ,Digital og kreativ,house.svg,340
SEC_0035,Digital & Remote,Цифрово и дистанционно,Digitalno i daljinski,Digitální a dálkové ovládání,Digital og fjernbetjening,Digitaal & Op Afstand,Digitaalne ja kaugjuhtimispult,Digitaalinen ja kaukosäädin,Numérique et à distance,Digital und Remote,Ψηφιακό & Τηλεχειριστήριο,Digitális és távirányító,Digiteach & Cianda,Digitale e remoto,Digitālais un tālvadības pults,Skaitmeninis ir nuotolinis,Diġitali & Remote,Cyfrowe i zdalne,Digital e Remoto,Digital și la distanță,Digitálne a diaľkové,Digitalno in na daljavo,Digital y remoto,Digital & fjärrkontroll,Dijital ve Uzaktan,Цифровое и дистанционное управление,Цифровий і дистанційний,Digital og fjernkontroll,Digital og fjernkontroll,house.svg,350
SEC_0036,Digital Security,Дигитална сигурност,Digitalna sigurnost,Digitální bezpečnost,Digital sikkerhed,Digitale veiligheid,Digitaalne turvalisus,Digitaalinen turvallisuus,Sécurité numérique,Digitale Sicherheit,Ψηφιακή Ασφάλεια,Digitális biztonság,Slándáil Dhigiteach,Sicurezza digitale,Digitālā drošība,Skaitmeninis saugumas,Sigurtà Diġitali,Bezpieczeństwo cyfrowe,Segurança Digital,Securitate digitală,Digitálna bezpečnosť,Digitalna varnost,Seguridad digital,Digital säkerhet,Dijital Güvenlik,Цифровая безопасность,Цифрова безпека,Digital sikkerhet,Digital sikkerhet,house.svg,360
SEC_0037,Digital Services,Дигитални услуги,Digitalne usluge,Digitální služby,Digitale tjenester,Digitale diensten,Digiteenused,Digitaaliset palvelut,Services numériques,Digitale Dienste,Ψηφιακές Υπηρεσίες,Digitális szolgáltatások,Seirbhísí Digiteacha,Servizi digitali,Digitālie pakalpojumi,Skaitmeninės paslaugos,Servizzi Diġitali,Usługi cyfrowe,Serviços Digitais,Servicii digitale,Digitálne služby,Digitalne storitve,Servicios digitales,Digitala tjänster,Dijital Hizmetler,Цифровые услуги,Цифрові послуги,Digitale tjenester,Digitale tjenester,house.svg,370
SEC_0038,E-Commerce & Logistics,Електронна търговия и логистика,E-trgovina i logistika,Elektronický obchod a logistika,E-handel og logistik,E-commerce en logistiek,E-kaubandus ja logistika,Sähköinen kaupankäynti ja logistiikka,Commerce électronique et logistique,E-Commerce & Logistik,Ηλεκτρονικό Εμπόριο & Logistics,E-kereskedelem és logisztika,Ríomhthráchtáil & Loighistic,E-commerce e logistica,E-komercija un loģistika,Elektroninė prekyba ir logistika,E-Commerce u Loġistika,E-commerce i logistyka,E-Commerce e Logística,Comerț electronic și logistică,Elektronický obchod a logistika,E-trgovina in logistika,Comercio electrónico y logística,E-handel & logistik,E-Ticaret ve Lojistik,Электронная коммерция и логистика,Електронна комерція та логістика,E-handel og logistikk,E-handel og logistikk,house.svg,380
SEC_0039,Eco Living,Еко живот,Eko život,Ekologické bydlení,Eco Living,Ecologisch leven,Ökoelu,Eco Living,Vie écologique,Ökologisches Leben,Eco Living,Eco Living,Maireachtáil Éicea,Vivere in modo ecologico,Eko dzīvesveids,Ekologiškas gyvenimas,Ħajja Eko,Ekologiczne życie,Vida ecológica,Eco Living,Ekologické bývanie,Eco Living,Vida ecológica,Eco Living,Eko Yaşam,Эко-жизнь,Еко життя,Eco Living,Eco Living,house.svg,390
SEC_0040,Education,образование,Obrazovanje,Školství,Undervisning,Onderwijs,Haridus,koulutus,Éducation,Ausbildung,Εκπαίδευση,Oktatás,Oideachas,Istruzione,Izglītība,Išsilavinimas,Edukazzjoni,Edukacja,Educação,Educaţie,Vzdelávanie,izobraževanje,Educación,Utbildning,Eğitim,Образование,Освіта,Utdannelse,Utdannelse,house.svg,400
SEC_0041,Education & Learning,Образование и учене,Obrazovanje i učenje,Vzdělávání a učení,Uddannelse & Læring,Onderwijs en leren,Haridus ja õppimine,Koulutus ja oppiminen,Éducation et apprentissage,Bildung & Lernen,Εκπαίδευση & Μάθηση,Oktatás és tanulás,Oideachas & Foghlaim,Istruzione e apprendimento,Izglītība un mācīšanās,Švietimas ir mokymasis,Edukazzjoni u Tagħlim,Edukacja i nauka,Educação e Aprendizagem,Educație și învățare,Vzdelávanie a učenie,Izobraževanje in učenje,Educación y aprendizaje,Utbildning och lärande,Eğitim ve Öğrenme,Образование и обучение,Освіта та навчання,Utdanning og læring,Utdanning og læring,house.svg,410
SEC_0042,Education & Online Learning,Образование и онлайн обучение,Obrazovanje i online učenje,Vzdělávání a online vzdělávání,Uddannelse og online læring,Onderwijs en online leren,Haridus ja veebiõpe,Koulutus ja verkko-oppiminen,Éducation et apprentissage en ligne,Bildung & Online-Lernen,Εκπαίδευση & Διαδικτυακή Μάθηση,Oktatás és online tanulás,Oideachas & Foghlaim Ar Líne,Istruzione e apprendimento online,Izglītība un tiešsaistes mācības,Švietimas ir mokymasis internetu,Edukazzjoni u Tagħlim onlajn,Edukacja i nauka online,Educação e Aprendizagem Online,Educație și învățare online,Vzdelávanie a online vzdelávanie,Izobraževanje in spletno učenje,Educación y aprendizaje en línea,Utbildning och onlinelärande,Eğitim ve Çevrimiçi Öğrenme,Образование и онлайн-обучение,Освіта та онлайн-навчання,Utdanning og nettbasert læring,Utdanning og nettbasert læring,house.svg,420
SEC_0043,Education & Tutoring,Образование и уроци,Obrazovanje i podučavanje,Vzdělávání a doučování,Uddannelse og vejledning,Onderwijs en bijles,Haridus ja juhendamine,Koulutus ja tutorointi,Éducation et tutorat,Bildung & Nachhilfe,Εκπαίδευση & Φροντιστήριο,Oktatás és oktatás,Oideachas & Teagasc,Istruzione e tutoraggio,Izglītība un apmācība,Švietimas ir mokymas,Edukazzjoni u Tutoring,Edukacja i korepetycje,Educação e tutoria,Educație și tutorat,Vzdelávanie a doučovanie,Izobraževanje in mentorstvo,Educación y tutoría,Utbildning & Handledning,Eğitim ve Özel Ders,Образование и репетиторство,Освіта та репетиторство,Utdanning og veiledning,Utdanning og veiledning,house.svg,430
SEC_0044,Elder Care,Грижи за възрастни хора,Skrb za starije osobe,Péče o starší,Ældrepleje,Ouderenzorg,Eakate hooldus,Vanhustenhoito,Soins aux personnes âgées,Altenpflege,Φροντίδα ηλικιωμένων,Idősgondozás,Cúram do Dhaoine Scothaosta,Assistenza agli anziani,Veco ļaužu aprūpe,Seniūnų priežiūra,Kura tal-Anzjani,Opieka nad osobami starszymi,Cuidados com Idosos,Îngrijirea bătrânilor,Starostlivosť o starších,Nega starejših,Cuidado de ancianos,Äldreomsorg,Yaşlı Bakımı,Уход за пожилыми людьми,Догляд за літніми людьми,Eldreomsorg,Eldreomsorg,house.svg,440
SEC_0045,Elder Services,Услуги за възрастни хора,Usluge za starije osobe,Služby pro starší,Ældretjenester,Ouderenzorg,Vanemate teenused,Vanhusten palvelut,Services aux aînés,Seniorendienste,Υπηρεσίες Πρεσβυτέρων,Idősek szolgálata,Seirbhísí do Dhaoine Scothaosta,Servizi per gli anziani,Veco ļaužu pakalpojumi,Seniūnų paslaugos,Servizzi Anzjani,Usługi dla osób starszych,Serviços para Idosos,Servicii pentru bătrâni,Služby pre starších,Storitve za starejše,Servicios para personas mayores,Äldretjänster,Yaşlı Hizmetleri,Услуги для пожилых людей,Послуги для людей похилого віку,Eldstetjenester,Eldstetjenester,house.svg,450
SEC_0046,Electronics & Tech,Електроника и технологии,Elektronika i tehnika,Elektronika a technologie,Elektronik & Tekn,Elektronica en technologie,Elektroonika ja tehnika,Elektroniikka & Tekn,Électronique et technologie,Elektronik & Technik,Ηλεκτρονικών & Τεχν,Electronics & Tech,Leictreonaic & Teicneolaíocht,Elettronica e tecnologia,Elektronika un tehnika,Elektronika ir technika,Elettronika u Teknoloġija,Elektronika i technologia,Eletrônicos e Tecnologia,Electronică și tehnologie,Elektronika a technika,Elektronika in tehnika,Electrónica y tecnología,Elektronik och teknik,Elektronik ve Teknoloji,Электроника и технологии,електроніка та техніка,Elektronikk og teknologi,Elektronikk og teknologi,bolt.svg,460
SEC_0047,Emergency & Expedition,Спешна помощ и експедиция,Hitna pomoć i ekspedicija,Pohotovost a expedice,Nød og ekspedition,Noodgevallen en expeditie,Hädaabi ja ekspeditsioon,Hätä ja tutkimusmatka,Urgence et expédition,Notfall & Expedition,Έκτακτης Ανάγκης & Εξόρμηση,Vészhelyzet és expedíció,Éigeandáil & Turas,Emergenza e spedizione,Ārkārtas situācija un ekspedīcija,Greitoji pagalba ir ekspedicija,Emerġenza & Spedizzjoni,Pomoc w nagłych wypadkach i wyprawach,Emergência e Expedição,Urgență și expediție,Pohotovosť a expedícia,Nujna pomoč in ekspedicija,Emergencia y expedición,Akut & Expedition,Acil Durum ve Sefer,Экстренная помощь и экспедиция,Надзвичайна ситуація та експедиція,Nød og ekspedisjon,Nød og ekspedisjon,house.svg,470
SEC_0048,Emergency Services,Спешна помощ,Hitne službe,Pohotovostní služby,Beredskabstjenester,Hulpdiensten,Hädaabi,Hätäpalvelut,Services d'urgence,Notdienste,Υπηρεσίες Έκτακτης Ανάγκης,Sürgősségi szolgáltatások,Seirbhísí Éigeandála,Servizi di emergenza,Neatliekamās palīdzības dienesti,Greitosios pagalbos tarnybos,Servizzi ta' Emerġenza,Służby ratunkowe,Serviços de emergência,Servicii de urgență,Pohotovostné služby,Nujne službe,Servicios de emergencia,Räddningstjänst,Acil Servisler,Экстренные службы,Аварійні служби,Nødetatene,Nødetatene,house.svg,480
SEC_0049,Emerging Technologies,Нововъзникващи технологии,Tehnologije u nastajanju,Vznikající technologie,Nye teknologier,Opkomende technologieën,Arenevad tehnoloogiad,Uusia teknologioita,Technologies émergentes,Neue Technologien,Αναδυόμενες Τεχνολογίες,Feltörekvő technológiák,Teicneolaíochtaí atá ag Teacht Chun Cinn,Tecnologie emergenti,Jaunās tehnoloģijas,Naujos technologijos,Teknoloġiji Emerġenti,Nowe technologie,Tecnologias Emergentes,Tehnologii emergente,Vznikajúce technológie,Nastajajoče tehnologije,Tecnologías emergentes,Nya teknologier,Gelişen Teknolojiler,Новые технологии,Новітні технології,Nye teknologier,Nye teknologier,house.svg,490
SEC_0050,Employment Services,Услуги по заетостта,Službe za zapošljavanje,Služby zaměstnanosti,Arbejdsformidling,Werkgelegenheidsdiensten,Tööhõiveteenused,Työvoimapalvelut,Services d'emploi,Arbeitsvermittlung,Υπηρεσίες Απασχόλησης,Foglalkoztatási szolgáltatások,Seirbhísí Fostaíochta,Servizi per l'impiego,Nodarbinātības dienesti,Įdarbinimo tarnybos,Servizzi ta' Impjieg,Usługi zatrudnienia,Serviços de Emprego,Servicii de angajare,Služby zamestnanosti,Zavodi za zaposlovanje,Servicios de empleo,Arbetsförmedlingen,İstihdam Hizmetleri,Службы занятости,Служби зайнятості,Arbeidsformidling,Arbeidsformidling,house.svg,500
SEC_0051,Energy Services,Енергийни услуги,Energetske usluge,Energetické služby,Energitjenester,Energiediensten,Energiateenused,Energiapalvelut,Services énergétiques,Energiedienstleistungen,Ενεργειακές Υπηρεσίες,Energiaszolgáltatások,Seirbhísí Fuinnimh,Servizi energetici,Enerģētikas pakalpojumi,Energetikos paslaugos,Servizzi tal-Enerġija,Usługi energetyczne,Serviços de Energia,Servicii energetice,Energetické služby,Energetske storitve,Servicios de energía,Energitjänster,Enerji Hizmetleri,Энергетические услуги,Енергетичні послуги,Energitjenester,Energitjenester,house.svg,510
SEC_0052,Entertainment,Развлечение,Zabava,Zábava,Underholdning,Vermaak,Meelelahutus,Viihde,Divertissement,Unterhaltung,Ψυχαγωγία,Szórakozás,Siamsaíocht,Divertimento,Izklaide,Pramogos,Divertiment,Rozrywka,Entretenimento,Divertisment,Zábava,Zabava,Entretenimiento,Underhållning,Eğlence,Развлечение,Розваги,Underholdning,Underholdning,house.svg,520
SEC_0053,Environment,Околна среда,okoliš,Prostředí,Miljø,Omgeving,Keskkond,Ympäristö,Environnement,Umfeld,Περιβάλλο,Környezet,Timpeallacht,Ambiente,Vide,Aplinka,Ambjent,Środowisko,Ambiente,Mediu,Životné prostredie,okolje,Ambiente,Miljö,Çevre,Среда,Навколишнє середовище,Miljø,Miljø,house.svg,530
SEC_0054,Event & Leisure,Събития и свободно време,Događaji i slobodno vrijeme,Akce & volný čas,Event & Fritid,Evenement & Vrije tijd,Üritus ja vaba aeg,Tapahtuma & vapaa-aika,Événement et loisirs,Event & Freizeit,Εκδήλωση & Αναψυχή,Rendezvények és szabadidő,Imeacht & Fóillíocht,Eventi e tempo libero,Pasākums un atpūta,Renginys ir laisvalaikis,Avveniment u Divertiment,Wydarzenia i wypoczynek,Eventos e Lazer,Eveniment și agrement,Udalosti a voľný čas,Dogodki in prosti čas,Eventos y ocio,Event & Fritid,Etkinlik ve Eğlence,Мероприятия и досуг,Події та дозвілля,Event & Fritid,Event & Fritid,house.svg,540
SEC_0055,Events,събития,Događaji,Události,Begivenheder,Evenementen,Sündmused,Tapahtumat,Événements,Veranstaltungen,Εκδηλώσεις,Események,Imeachtaí,Eventi,Pasākumi,Renginiai,Avvenimenti,Wydarzenia,Eventos,Evenimente,Udalosti,Dogodki,Eventos,Händelser,Olaylar,События,Події,Hendelser,Hendelser,house.svg,550
SEC_0056,Events & Experiences,Събития и преживявания,Događaji i iskustva,Události a zkušenosti,Begivenheder og oplevelser,Evenementen & Ervaringen,Sündmused ja kogemused,Tapahtumat & Kokemukset,Événements et expériences,Events & Erlebnisse,Εκδηλώσεις & Εμπειρίες,Események és élmények,Imeachtaí & Eispéiris,Eventi ed esperienze,Notikumi un pieredze,Įvykiai ir patirtys,Avvenimenti u Esperjenzi,Wydarzenia i doświadczenia,Eventos e Experiências,Evenimente și experiențe,Udalosti a skúsenosti,Dogodki in doživetja,Eventos y experiencias,Evenemang & upplevelser,Etkinlikler ve Deneyimler,События и впечатления,Події та досвід,Arrangementer og opplevelser,Arrangementer og opplevelser,house.svg,560
SEC_0057,Events & Family,Събития и семейство,Događaji i obitelj,Události a rodina,Events & Familie,Evenementen & Familie,Sündmused ja perekond,Tapahtumat & Perhe,Événements et famille,Veranstaltungen & Familie,Εκδηλώσεις & Οικογένεια,Események és család,Imeachtaí & Teaghlach,Eventi e famiglia,Pasākumi un ģimene,Renginiai ir šeima,Avvenimenti u Familja,Wydarzenia i rodzina,Eventos e Família,Evenimente și familie,Udalosti a rodina,Dogodki in družina,Eventos y familia,Evenemang & Familj,Etkinlikler ve Aile,События и семья,Події та сім'я,Arrangementer og familie,Arrangementer og familie,house.svg,570
SEC_0058,Family,семейство,Obitelj,Rodina,Familie,Familie,Perekond,Perhe,Famille,Familie,Οικογένεια,Család,Teaghlaigh,Famiglia,Ģimene,Šeima,Familja,Rodzina,Família,Familial,Rodina,družina,Familia,Familj,Aile,Семья,Сім'я,Familie,Familie,house.svg,580
SEC_0059,Family Services,Семейни услуги,Obiteljske usluge,Rodinné služby,Familietjenester,Gezinsdiensten,Pereteenused,Perhepalvelut,Services à la famille,Familienservice,Οικογενειακές Υπηρεσίες,Családi szolgáltatások,Seirbhísí Teaghlaigh,Servizi per la famiglia,Ģimenes pakalpojumi,Šeimos paslaugos,Servizzi tal-Familja,Usługi rodzinne,Serviços Familiares,Servicii pentru familie,Rodinné služby,Družinske storitve,Servicios Familiares,Familjetjänster,Aile Hizmetleri,Семейные службы,Сімейні послуги,Familietjenester,Familietjenester,house.svg,590
SEC_0060,Family Support,Семейна подкрепа,Podrška obitelji,Podpora rodiny,Familiestøtte,Gezinsondersteuning,Perekonna tugi,Perheen tuki,Soutien familial,Familienunterstützung,Υποστήριξη οικογένειας,Családtámogatás,Tacaíocht Teaghlaigh,Sostegno alla famiglia,Ģimenes atbalsts,Šeimos parama,Appoġġ għall-Familja,Wsparcie rodziny,Apoio à Família,Sprijinul familiei,Podpora rodiny,Družinska podpora,Apoyo familiar,Familjestöd,Aile Desteği,Поддержка семьи,Підтримка сім'ї,Familiestøtte,Familiestøtte,house.svg,600
SEC_0061,Fashion,Мода,Moda,Móda,Mode,Mode,Mood,Muoti,Mode,Mode,Μόδα,Divat,Faisean,Moda,Mode,Mada,Moda,Moda,Moda,Modă,Móda,Moda,Moda,Mode,Moda,Мода,Мода,Mote,Mote,house.svg,610
SEC_0062,Finance,Финанси,Financije,Finance,Finansiere,Financiën,Rahandus,Rahoitus,Finance,Finanzen,Οικονομικά,Pénzügy,Airgeadais,Finanza,Finanses,Finansai,Finanzi,Finanse,Financiar,Finanţa,Financie,Finance,Finanzas,Finansiera,Finans,Финансы,Фінанси,Finansiere,Finansiere,house.svg,620
SEC_0063,Financial Services & FinTech,Финансови услуги и финансови технологии,Financijske usluge i FinTech,Finanční služby a FinTech,Finansielle tjenester & FinTech,Financiële diensten en FinTech,Finantsteenused ja FinTech,Rahoituspalvelut ja FinTech,Services financiers et FinTech,Finanzdienstleistungen & FinTech,Χρηματοοικονομικές Υπηρεσίες & FinTech,Pénzügyi szolgáltatások és FinTech,Seirbhísí Airgeadais & FinTech,Servizi finanziari e FinTech,Finanšu pakalpojumi un FinTech,Finansinės paslaugos ir FinTech,Servizzi Finanzjarji u FinTech,Usługi finansowe i FinTech,Serviços Financeiros e FinTech,Servicii financiare și FinTech,Finančné služby a FinTech,Finančne storitve in FinTech,Servicios financieros y tecnología financiera,Finansiella tjänster & FinTech,Finansal Hizmetler ve FinTech,Финансовые услуги и финтех,Фінансові послуги та фінансові технології,Finansielle tjenester og FinTech,Finansielle tjenester og FinTech,house.svg,630
SEC_0064,Financial Services (Banking & Investment),Финансови услуги (банкиране и инвестиции),Financijske usluge (bankarstvo i investicije),Finanční služby (bankovnictví a investice),Finansielle tjenester (bank og investering),Financiële diensten (bankieren en beleggen),Finantsteenused (pangandus ja investeerimine),Rahoituspalvelut (pankki- ja sijoitustoiminta),Services financiers (banque et investissement),Finanzdienstleistungen (Bankwesen und Investitionen),Χρηματοοικονομικές Υπηρεσίες (Τραπεζικές & Επενδυτικές),Pénzügyi szolgáltatások (banki és befektetési),Seirbhísí Airgeadais (Baincéireacht & Infheistíocht),Servizi finanziari (bancari e di investimento),Finanšu pakalpojumi (bankas un investīcijas),Finansinės paslaugos (bankininkystė ir investicijos),Servizzi Finanzjarji (Banek u Investiment),Usługi finansowe (bankowość i inwestycje),Serviços Financeiros (Bancos e Investimentos),Servicii financiare (bancare și investiții),Finančné služby (bankové a investičné),Finančne storitve (bančništvo in naložbe),Servicios financieros (banca e inversión),Finansiella tjänster (bank och investeringar),Finansal Hizmetler (Bankacılık ve Yatırım),Финансовые услуги (банковское дело и инвестиции),Фінансові послуги (банківська справа та інвестиції),Finansielle tjenester (bank og investering),Finansielle tjenester (bank og investering),house.svg,640
SEC_0065,Fitness,фитнес,fitness,Fitness,Fitness,Fitness,Fitness,Fitness,Aptitude,Fitness,Καταλληλότητα,Fitness,Folláine,Fitness,Fitness,Fitnesas,Fitness,Zdatność,Fitness,Fitness,Fitness,Fitnes,Aptitud física,Kondition,Fitness,Фитнес,Фітнес,Fitness,Fitness,house.svg,650
SEC_0066,Food,храна,Hrana,Jídlo,Mad,Voedsel,Toit,Ruokaa,Nourriture,Essen,Τροφή,Élelmiszer,Bia,Cibo,Pārtika,Maistas,Ikel,Żywność,Comida,Mâncare,Jedlo,hrana,Alimento,Mat,Yiyecek,Еда,харчування,Mat,Mat,house.svg,660
SEC_0067,Forestry & Fishing,Горско стопанство и риболов,Šumarstvo i ribarstvo,Lesnictví a rybolov,Skovbrug & Fiskeri,Bosbouw en visserij,Metsandus ja kalapüük,Metsätalous ja kalastus,Sylviculture et pêche,Forstwirtschaft & Fischerei,Δασοκομία & Αλιεία,Erdészet és halászat,Foraoiseacht & Iascaireacht,Silvicoltura e pesca,Mežsaimniecība un makšķerēšana,Miškininkystė ir žvejyba,Forestrija u Sajd,Leśnictwo i rybołówstwo,Silvicultura e Pesca,Silvicultură și Pescuit,Lesníctvo a rybolov,Gozdarstvo in ribištvo,Silvicultura y pesca,Skogsbruk & Fiske,Ormancılık ve Balıkçılık,Лесное хозяйство и рыболовство,Лісове господарство та рибальство,Skogbruk og fiske,Skogbruk og fiske,house.svg,670
SEC_0068,Gaming & Esports,Игри и електронни спортове,Igre i esportovi,Hry a esporty,Spil og esport,Gamen en e-sport,Mängud ja e-sport,Pelit & Esports,Jeux et e-sports,Gaming und E-Sport,Gaming & Esports,Játék és Esport,Cearrbhachas & Spóirt,Giochi ed eSport,Spēles un esports,Žaidimai ir Esportas,Logħob u Esports,Gry i e-sport,Jogos e eSports,Jocuri și Esports,Hry a e-športy,Igranje iger in e-šport,Juegos y deportes electrónicos,Spel och esport,Oyun ve E-spor,Игры и киберспорт,Ігри та кіберспорт,Gaming og esport,Gaming og esport,house.svg,680
SEC_0069,Global Services,Глобални услуги,Globalne usluge,Globální služby,Globale tjenester,Wereldwijde diensten,Globaalsed teenused,Globaalit palvelut,Services mondiaux,Globale Dienstleistungen,Παγκόσμιες Υπηρεσίες,Globális szolgáltatások,Seirbhísí Domhanda,Servizi globali,Globālie pakalpojumi,Pasaulinės paslaugos,Servizzi Globali,Usługi globalne,Serviços Globais,Servicii globale,globálne služby,Globalne storitve,Servicios globales,Globala tjänster,Küresel Hizmetler,Глобальные услуги,Глобальні послуги,Globale tjenester,Globale tjenester,house.svg,690
SEC_0070,Government & Public Sector,Правителство и публичен сектор,Vlada i javni sektor,Vládní a veřejný sektor,Regeringen og den offentlige sektor,Overheid en publieke sector,Valitsus ja avalik sektor,Hallitus ja julkinen sektori,Gouvernement et secteur public,Regierung und öffentlicher Sektor,Κυβέρνηση & Δημόσιος Τομέας,Kormányzati és állami szektor,Rialtas & Earnáil Phoiblí,Governo e settore pubblico,Valdība un publiskais sektors,Vyriausybė ir viešasis sektorius,Gvern u Settur Pubbliku,Rząd i sektor publiczny,Governo e Setor Público,Guvern și Sector Public,Vládny a verejný sektor,Vlada in javni sektor,Gobierno y sector público,Regering och offentlig sektor,Hükümet ve Kamu Sektörü,Правительство и государственный сектор,Уряд і державний сектор,Offentlig sektor,Offentlig sektor,house.svg,700
SEC_0071,Green Energy & Sustainability,Зелена енергия и устойчивост,Zelena energija i održivost,Zelená energie a udržitelnost,Grøn energi og bæredygtighed,Groene energie en duurzaamheid,Roheline energia ja jätkusuutlikkus,Vihreä energia ja kestävä kehitys,Énergie verte et durabilité,Grüne Energie & Nachhaltigkeit,Πράσινη Ενέργεια & Αειφορία,Zöld energia és fenntarthatóság,Fuinneamh Glas & Inbhuanaitheacht,Energia verde e sostenibilità,Zaļā enerģija un ilgtspējība,Žalioji energija ir tvarumas,Enerġija Ħadra u Sostenibbiltà,Zielona energia i zrównoważony rozwój,Energia Verde e Sustentabilidade,Energie verde și durabilitate,Zelená energia a udržateľnosť,Zelena energija in trajnost,Energía verde y sostenibilidad,Grön energi & hållbarhet,Yeşil Enerji ve Sürdürülebilirlik,Зеленая энергия и устойчивое развитие,Зелена енергетика та стійкість,Grønn energi og bærekraft,Grønn energi og bærekraft,house.svg,710
SEC_0072,Health & Wellness,Здраве и уелнес,Zdravlje i dobrobit,Zdraví a wellness,Sundhed & Wellness,Gezondheid en welzijn,Tervis ja heaolu,Terveys & Hyvinvointi,Santé et bien-être,Gesundheit und Wellness,Υγεία & Ευεξία,Egészség és Wellness,Sláinte & Folláine,Salute e benessere,Veselība un labsajūta,Sveikata ir sveikata,Saħħa u Benessri,Zdrowie i dobre samopoczucie,Saúde e bem-estar,Sănătate și bunăstare,Zdravie a wellness,Zdravje in dobro počutje,Salud y bienestar,Hälsa & Friskvård,Sağlık ve Zindelik,Здоровье и благополучие,Здоров'я та оздоровлення,Helse og velvære,Helse og velvære,flower.svg,720
SEC_0073,Healthcare & Biotechnology,Здравеопазване и биотехнологии,Zdravstvo i biotehnologija,Zdravotnictví a biotechnologie,Sundhedspleje & Bioteknologi,Gezondheidszorg en biotechnologie,Tervishoid ja biotehnoloogia,Terveydenhuolto ja biotekniikka,Santé et biotechnologie,Gesundheitswesen und Biotechnologie,Υγεία & Βιοτεχνολογία,Egészségügy és biotechnológia,Cúram Sláinte & Biteicneolaíocht,Assistenza sanitaria e biotecnologie,Veselības aprūpe un biotehnoloģija,Sveikatos priežiūra ir biotechnologijos,Kura tas-Saħħa u Bijoteknoloġija,Opieka zdrowotna i biotechnologia,Saúde e Biotecnologia,Asistență medicală și biotehnologie,Zdravotníctvo a biotechnológia,Zdravstveno varstvo in biotehnologija,Salud y biotecnología,Sjukvård & Bioteknik,Sağlık ve Biyoteknoloji,Здравоохранение и биотехнологии,Охорона здоров'я та біотехнології,Helsevesen og bioteknologi,Helsevesen og bioteknologi,house.svg,730
SEC_0074,Heritage & Conservation,Наследство и опазване,Baština i zaštita,Dědictví a ochrana,Arv og bevaring,Erfgoed en behoud,Pärand ja kaitse,Heritage & Conservation,Patrimoine et conservation,Kulturerbe und Naturschutz,Κληρονομιά & Διατήρηση,Örökség és megőrzés,Oidhreacht & Caomhnú,Patrimonio e conservazione,Mantojums un saglabāšana,Paveldas ir išsaugojimas,Wirt u Konservazzjoni,Dziedzictwo i konserwacja,Patrimônio e Conservação,Patrimoniu și conservare,Dedičstvo a ochrana,Dediščina in ohranjanje,Patrimonio y conservación,Arv & bevarande,Miras ve Koruma,Наследие и сохранение,Спадщина та збереження,Heritage & Conservation,Heritage & Conservation,house.svg,740
SEC_0075,Home & Local,Начало и местно,Doma i lokalno,Domácí a místní,Hjem & Lokal,Thuis & Lokaal,Kodu ja kohalik,Koti & Paikallinen,Maison et local,Zuhause & Lokal,Αρχική & Τοπική,Otthon és helyi,Baile & Áitiúil,Casa e locale,Mājas un vietējie,Namai ir vietiniai,Dar u Lokali,Dom i Lokalnie,Casa e local,Acasă și local,Home & Local,Doma in lokalno,Hogar y local,Hem & Lokal,Ev ve Yerel,Домашний и местный,Домашній і локальний,Hjemme og lokalt,Hjemme og lokalt,house.svg,750
SEC_0076,Home & Property Services,Услуги за дома и имотите,Usluge za dom i nekretnine,Služby pro domácnost a nemovitosti,Bolig & Ejendomsservice,Huis- en vastgoeddiensten,Kodu- ja kinnisvarateenused,Koti- ja kiinteistöpalvelut,Services à domicile et immobiliers,Haus- und Immobiliendienstleistungen,Υπηρεσίες Σπίτι & Ακίνητα,Otthoni és ingatlanszolgáltatások,Seirbhísí Baile & Maoine,Servizi per la casa e la proprietà,Mājas un īpašuma pakalpojumi,Namų ir nekilnojamojo turto paslaugos,Servizzi tad-Dar u tal-Proprjetà,Usługi domowe i nieruchomości,Serviços para casa e propriedade,Servicii pentru casă și proprietate,Služby pre domácnosti a nehnuteľnosti,Storitve za dom in nepremičnine,Servicios para el hogar y la propiedad,Hem & Fastighetstjänster,Ev ve Emlak Hizmetleri,Услуги по дому и недвижимости,Обслуговування будинку та нерухомості,Bolig- og eiendomstjenester,Bolig- og eiendomstjenester,house.svg,760
SEC_0077,Home Improvement,Подобряване на дома,Poboljšanje doma,Domácí kutily,Hjem forbedring,Huisverbetering,Kodu parandamine,Kodin kunnostus,Amélioration de l'habitat,Heimwerker,Βελτίωση Κατοικίας,Lakásfelújítás,Feabhsú Tí,Miglioramento della casa,Mājas labiekārtošana,Namų tobulinimas,Titjib fid-dar,Ulepszanie domu,Melhoria da casa,Îmbunătățirea locuinței,Zlepšenie domácnosti,Izboljšanje doma,Mejoras del hogar,Hemförbättring,Ev Geliştirme,Улучшение дома,Покращення будинку,Oppussing,Oppussing,house.svg,770
SEC_0078,Home Services,Домашни услуги,Kućne usluge,Služby pro domácnost,Hjemmetjenester,Thuisdiensten,Koduteenused,Kotipalvelut,Services à domicile,Haushaltsdienstleistungen,Υπηρεσίες στο σπίτι,Otthoni szolgáltatások,Seirbhísí Baile,Servizi a domicilio,Mājas pakalpojumi,Namų paslaugos,Servizzi tad-Dar,Usługi domowe,Serviços Domésticos,Servicii la domiciliu,Služby pre domácnosť,Domače storitve,Servicios para el hogar,Hemtjänst,Ev Hizmetleri,Услуги на дому,Домашні послуги,Hjemmetjenester,Hjemmetjenester,house.svg,780
SEC_0079,Hospitality,Гостоприемство,Gostoljubivost,Pohostinství,Gæstfrihed,Gastvrijheid,Külalislahkus,Vieraanvaraisuus,Hospitalité,Gastfreundschaft,Φιλοξενία,Vendégszeretet,Fáilteachais,Ospitalità,Viesmīlība,Svetingumas,Ospitalità,Gościnność,Hospitalidade,Ospitalitate,Pohostinnosť,Gostoljubnost,Hospitalidad,Gästfrihet,Misafirperverlik,Гостеприимство,гостинність,Gjestfrihet,Gjestfrihet,house.svg,790
SEC_0080,Hyperlocal Services,Хиперлокални услуги,Hiperlokalne usluge,Hyperlokální služby,Hyperlokale tjenester,Hyperlokale diensten,Hüperlokaalsed teenused,Hyperpaikalliset palvelut,Services hyperlocaux,Hyperlokale Dienste,Υπερτοπικές Υπηρεσίες,Hiperlokális szolgáltatások,Seirbhísí Hyperlocal,Servizi iperlocali,Hiperlokālie pakalpojumi,Hiperlokalinės paslaugos,Servizzi Iperlokali,Usługi hiperlokalne,Serviços Hiperlocais,Servicii hiperlocale,Hyperlokálne služby,Hiperlokalne storitve,Servicios hiperlocales,Hyperlokala tjänster,Hiperyerel Hizmetler,Гиперлокальные услуги,Гіперлокальні служби,Hyperlokale tjenester,Hyperlokale tjenester,house.svg,800
SEC_0081,Inclusive Needs,Приобщаващи нужди,Inkluzivne potrebe,Inkluzivní potřeby,Inklusiv behov,Inclusieve behoeften,Kaasavad vajadused,Osallistavat tarpeet,Besoins inclusifs,Inklusive Bedürfnisse,Περιεκτικές Ανάγκες,Befogadó szükségletek,Riachtanais Uilechuimsitheacha,Bisogni inclusivi,Iekļaujošas vajadzības,Įtraukiantys poreikiai,Bżonnijiet Inklużivi,Potrzeby inkluzywne,Necessidades Inclusivas,Nevoi incluzive,Inkluzívne potreby,Vključujoče potrebe,Necesidades inclusivas,Inkluderande behov,Kapsayıcı İhtiyaçlar,Инклюзивные потребности,Інклюзивні потреби,Inkluderende behov,Inkluderende behov,house.svg,810
SEC_0082,Inclusive Services,Включващи услуги,Uključive usluge,Inkluzivní služby,Inklusive tjenester,Inclusieve diensten,Kaasavad teenused,Osallistavat palvelut,Services inclusifs,Inklusivleistungen,Υπηρεσίες χωρίς αποκλεισμούς,Befogadó szolgáltatások,Seirbhísí Uilechuimsitheacha,Servizi inclusivi,Iekļaujoši pakalpojumi,Įtraukiančios paslaugos,Servizzi Inklużivi,Usługi integracyjne,Serviços Inclusivos,Servicii inclusive,Inkluzívne služby,Inkluzivne storitve,Servicios Inclusivos,Inkluderande tjänster,Kapsayıcı Hizmetler,Инклюзивные услуги,Інклюзивні послуги,Inkluderende tjenester,Inkluderende tjenester,house.svg,820
SEC_0083,Information Technology & Artificial Intelligence,Информационни технологии и изкуствен интелект,Informacijska tehnologija i umjetna inteligencija,Informační technologie a umělá inteligence,Informationsteknologi og kunstig intelligens,Informatietechnologie en kunstmatige intelligentie,Infotehnoloogia ja tehisintellekt,Tietotekniikka ja tekoäly,Technologies de l'information et intelligence artificielle,Informationstechnologie und künstliche Intelligenz,Πληροφορική & Τεχνητή Νοημοσύνη,Információs technológia és mesterséges intelligencia,Teicneolaíocht Faisnéise & Intleacht Shaorga,Tecnologia dell'informazione e intelligenza artificiale,Informācijas tehnoloģijas un mākslīgais intelekts,Informacinės technologijos ir dirbtinis intelektas,Teknoloġija tal-Informazzjoni u Intelliġenza Artifiċjali,Technologie informacyjne i sztuczna inteligencja,Tecnologia da Informação e Inteligência Artificial,Tehnologia informației și inteligența artificială,Informačné technológie a umelá inteligencia,Informacijska tehnologija in umetna inteligenca,Tecnología de la información e inteligencia artificial,Informationsteknologi och artificiell intelligens,Bilişim Teknolojileri ve Yapay Zeka,Информационные технологии и искусственный интеллект,Інформаційні технології та штучний інтелект,Informasjonsteknologi og kunstig intelligens,Informasjonsteknologi og kunstig intelligens,house.svg,830
SEC_0084,Insurance Services,Застрахователни услуги,Usluge osiguranja,Pojišťovací služby,Forsikringstjenester,Verzekeringsdiensten,Kindlustusteenused,Vakuutuspalvelut,Services d'assurance,Versicherungsdienstleistungen,Ασφαλιστικές Υπηρεσίες,Biztosítási szolgáltatások,Seirbhísí Árachais,Servizi assicurativi,Apdrošināšanas pakalpojumi,Draudimo paslaugos,Servizzi ta' Assigurazzjoni,Usługi ubezpieczeniowe,Serviços de seguros,Servicii de asigurare,Poisťovacie služby,Zavarovalniške storitve,Servicios de seguros,Försäkringstjänster,Sigorta Hizmetleri,Страховые услуги,Страхові послуги,Forsikringstjenester,Forsikringstjenester,house.svg,840
SEC_0085,Landscaping,Озеленяване,Uređenje okoliša,Terénní úpravy,Landskabspleje,Landschapsarchitectuur,Haljastus,Maisemointi,Aménagement paysager,Landschaftsbau,Εξωραϊσμός,Tereprendezés,Tírdhreachú,Paesaggistica,Ainavu veidošana,Kraštovaizdžio sutvarkymas,Tisbiħ,Projektowanie krajobrazu,Paisagismo,Amenajarea teritoriului,Terénne úpravy,Urejanje okolice,Paisajismo,Landskapsarkitektur,Peyzaj düzenlemesi,Ландшафтный дизайн,Благоустрій території,Landskapsarbeid,Landskapsarbeid,flower.svg,850
SEC_0086,Legal,Законни,Pravno,Právní,Legal,Juridisch,Juriidiline,Laillinen,Légal,Rechtliches,Νομικός,Jogi,Dlíthiúil,Legal,Juridisks,Teisinė,Legali,Prawny,Jurídico,Legal,Právne,Pravno,Legal,Rättslig,Yasal,Юридический,юридичний,Lovlig,Lovlig,house.svg,860
SEC_0087,Legal Services,Правни услуги,Pravne usluge,Právní služby,Juridiske tjenester,Juridische diensten,Õigusteenused,Lakipalvelut,Services juridiques,Rechtsdienstleistungen,Νομικές Υπηρεσίες,Jogi szolgáltatások,Seirbhísí Dlí,Servizi legali,Juridiskie pakalpojumi,Teisinės paslaugos,Servizzi Legali,Usługi prawne,Serviços Jurídicos,Servicii juridice,Právne služby,Pravne storitve,Servicios legales,Juridiska tjänster,Hukuk Hizmetleri,Юридические услуги,Юридичні послуги,Juridiske tjenester,Juridiske tjenester,house.svg,870
SEC_0088,Local Services,Местни услуги,Lokalne usluge,Místní služby,Lokale tjenester,Lokale diensten,Kohalikud teenused,Paikalliset palvelut,Services locaux,Lokale Dienste,Τοπικές Υπηρεσίες,Helyi szolgáltatások,Seirbhísí Áitiúla,Servizi locali,Vietējie pakalpojumi,Vietinės paslaugos,Servizzi Lokali,Usługi lokalne,Serviços locais,Servicii locale,Miestne služby,Lokalne storitve,Servicios locales,Lokala tjänster,Yerel Hizmetler,Местные услуги,Місцеві послуги,Lokale tjenester,Lokale tjenester,house.svg,880
SEC_0089,Logistics,Логистика,Logistika,Logistika,Logistik,Logistiek,Logistika,Logistiikka,Logistique,Logistik,Επιμελητεία,Logisztika,Loighistic,Logistica,Loģistika,Logistika,Loġistika,Logistyka,Logística,Logistică,Logistika,Logistika,Logística,Logistik,Lojistik,Логистика,Логістика,Logistikk,Logistikk,house.svg,890
SEC_0090,Logistics & Delivery,Логистика и доставка,Logistika i dostava,Logistika a dodávka,Logistik & levering,Logistiek & Levering,Logistika ja kohaletoimetamine,Logistiikka ja toimitus,Logistique et livraison,Logistik und Lieferung,Logistics & Delivery,Logisztika és szállítás,Lóistíocht & Seachadadh,Logistica e consegna,Loģistika un piegāde,Logistika ir pristatymas,Loġistika u Kunsinna,Logistyka i dostawy,Logística e Entrega,Logistica & Livrare,Logistika a dodávka,Logistika in dostava,Logística y Entrega,Logistik & leverans,Lojistik ve Teslimat,Логистика и доставка,Логістика та доставка,Logistikk og levering,Logistikk og levering,house.svg,900
SEC_0091,Luxury Services,Луксозни услуги,Luksuzne usluge,Luxusní služby,Luksus tjenester,Luxe diensten,Luksusteenused,Luksuspalvelut,Services de luxe,Luxusservices,Υπηρεσίες πολυτελείας,Luxus szolgáltatások,Seirbhísí Só,Servizi di lusso,Luksusa pakalpojumi,Prabangios paslaugos,Servizzi lussużi,Usługi luksusowe,Serviços de Luxo,Servicii de lux,Luxusné služby,Luksuzne storitve,Servicios de lujo,Lyxtjänster,Lüks Hizmetler,Роскошные услуги,Розкішні послуги,Luksustjenester,Luksustjenester,house.svg,910
SEC_0092,Manufacturing,Производство,Proizvodnja,Výrobní,Fremstilling,Productie,Tootmine,Valmistus,Fabrication,Herstellung,Βιομηχανοποίηση,Gyártás,Déantúsaíocht,Produzione,Ražošana,Gamyba,Manifattura,Produkcja,Fabricação,Fabricarea,Výroba,Proizvodnja,Fabricación,Tillverkning,Üretme,Производство,Виробництво,Produksjon,Produksjon,house.svg,920
SEC_0093,Manufacturing & Industrial,Производство и промишленост,Proizvodnja i industrija,Výroba a průmysl,Fremstilling og industri,Productie en industrie,Tootmine ja tööstus,Valmistus ja teollisuus,Fabrication et industrie,Fertigung und Industrie,Μεταποίηση & Βιομηχανική,Gyártás és ipar,Déantúsaíocht & Tionsclaíoch,Produzione e industria,Ražošana un rūpniecība,Gamyba ir pramonė,Manifattura u Industrijali,Produkcja i przemysł,Manufatura e Indústria,Producție și industrie,Výroba a priemysel,Proizvodnja in industrija,Fabricación e industria,Tillverkning & Industri,Üretim ve Endüstriyel,Производство и промышленность,Виробництво та промисловість,Produksjon og industri,Produksjon og industri,house.svg,930
SEC_0094,Marine Services,Морски услуги,Pomorske usluge,Námořní služby,Marine Services,Maritieme diensten,Mereteenused,Meripalvelut,Services maritimes,Marine-Dienstleistungen,Ναυτιλιακές Υπηρεσίες,Tengerészeti szolgáltatások,Seirbhísí Mara,Servizi marittimi,Jūras pakalpojumi,Jūrų paslaugos,Servizzi tal-Baħar,Usługi morskie,Serviços Marítimos,Servicii maritime,Námorné služby,Pomorske storitve,Servicios marítimos,Marine Services,Deniz Hizmetleri,Морские услуги,Морські служби,Marine tjenester,Marine tjenester,house.svg,940
SEC_0095,Maritime & Shipping,Морски и корабен транспорт,Pomorstvo i brodarstvo,Námořní a lodní doprava,Maritim & Skibsfart,Maritiem & Scheepvaart,Merendus ja laevandus,Merenkulku ja merenkulku,Maritime et transport maritime,Seefahrt & Schifffahrt,Ναυτιλία & Ναυτιλία,Tengerészet és szállítás,Muirí & Loingseoireacht,Marittimo e spedizioni,Jūrniecība un kuģniecība,Jūra ir laivyba,Marittimu & Shipping,Transport morski i żegluga,Marítimo e Transporte,Maritime și transport maritim,Námorná doprava a doprava,Pomorstvo in ladijski promet,Marítimo y envío,Maritim & Sjöfart,Denizcilik ve Nakliye,Морское судоходство и судоходство,Морський судноплавство,Maritim & Shipping,Maritim & Shipping,house.svg,950
SEC_0096,Marketing,Маркетинг,Marketing,Marketing,Markedsføring,Marketing,Turundus,Markkinointi,Commercialisation,Marketing,Εμπορία,Marketing,Margaíocht,Marketing,Mārketings,Rinkodara,Marketing,Marketing,Marketing,Marketing,marketing,Trženje,Marketing,Marknadsföring,Pazarlama,Маркетинг,Маркетинг,Markedsføring,Markedsføring,house.svg,960
SEC_0097,Media & Content,Медия и съдържание,Mediji i sadržaj,Média a obsah,Medier og indhold,Media & Inhoud,Meedia ja sisu,Media ja sisältö,Médias et contenu,Medien & Inhalte,Μέσα & Περιεχόμενο,Média és tartalom,Meáin & Ábhar,Media e contenuti,Multivide un saturs,Žiniasklaida ir turinys,Midja u Kontenut,Media i treści,Mídia e conteúdo,Media și conținut,Médiá a obsah,Mediji in vsebina,Medios y contenido,Media och innehåll,Medya ve İçerik,Медиа и контент,Медіа та контент,Media og innhold,Media og innhold,house.svg,970
SEC_0098,Mining & Minerals,Минно дело и полезни изкопаеми,Rudarstvo i minerali,Těžba a minerály,Minedrift og mineraler,Mijnbouw & Mineralen,Kaevandamine ja mineraalid,Kaivostoiminta ja mineraalit,Exploitation minière et minéraux,Bergbau und Mineralien,Μεταλλεία & Ορυκτά,Bányászat és ásványok,Mianadóireacht & Mianraí,Estrazione mineraria e minerali,Kalnrūpniecība un minerāli,Kasyba ir mineralai,Minjieri u Minerali,Górnictwo i minerały,Mineração e Minerais,Minerit și minerale,Ťažba a minerály,Rudarstvo in minerali,Minería y minerales,Gruv och mineraler,Madencilik ve Mineraller,Горное дело и минералы,Видобуток корисних копалин,Gruvedrift og mineraler,Gruvedrift og mineraler,house.svg,980
SEC_0099,Moving & Transport,Преместване и транспорт,Selidbe i transport,Stěhování a doprava,Flytning & Transport,Verhuizen & Transport,Kolimine ja transport,Muutto & Kuljetus,Déménagement et transport,Umzug & Transport,Μετακομίσεις & Μεταφορές,Költözés és szállítás,Gluaiseacht & Iompar,Traslochi e trasporti,Pārvietošana un transportēšana,Pervežimas ir transportavimas,Ċaqliq u Trasport,Przeprowadzki i transport,Mudanças e Transportes,Mutare & Transport,Sťahovanie a doprava,Selitve in transport,Mudanzas y transporte,Flytt & Transport,Taşımacılık ve Nakliye,Переезды и транспортировка,Переїзд і транспорт,Flytting og transport,Flytting og transport,house.svg,990
SEC_0100,NonâProfit & NGOs,Организации с нестопанска цел и неправителствени организации,Neprofitne i nevladine organizacije,Neziskové a nevládní organizace,Non-profit og ngo'er,Non-profitorganisaties en NGO's,Mittetulundusühingud ja valitsusvälised organisatsioonid,Voittoa tavoittelemattomat ja kansalaisjärjestöt,Organismes à but non lucratif et ONG,Non-Profit-Organisationen und NGOs,Μη Κερδοσκοπικές & ΜΚΟ,Nonprofit és nem kormányzati szervezetek,Neamhbhrabúis & NGOanna,Organizzazioni non profit e ONG,Bezpeļņas organizācijas un NVO,Ne pelno ir NVO,NGOs u Non-Qligħ,Organizacje non-profit i pozarządowe,Organizações sem fins lucrativos e ONGs,Non-profit și ONG-uri,Neziskové a mimovládne organizácie,Neprofitne in nevladne organizacije,Organizaciones sin fines de lucro y ONG,Ideella och icke-statliga organisationer,Kâr Amacı Gütmeyen Kuruluşlar ve STK'lar,Некоммерческие и неправительственные организации,Некомерційні та НУО,Non-profit og frivillige organisasjoner,Non-profit og frivillige organisasjoner,house.svg,1000
SEC_0101,"Oil, Gas & Petrochemical","Нефт, газ и нефтохимия","Nafta, plin i petrokemija","Ropa, plyn a petrochemie","Olie, gas og petrokemi","Olie, gas en petrochemie","Nafta, gaas ja naftakeemia","Öljy, kaasu ja petrokemia","Pétrole, gaz et produits pétrochimiques","Öl, Gas und Petrochemie","Πετρέλαιο, Αέριο & Πετροχημικά","Olaj, gáz és petrolkémia","Ola, Gás & Peitriceimiceach","Petrolio, gas e petrolchimica","Nafta, gāze un naftas ķīmija","Nafta, dujos ir naftos chemija","Żejt, Gass u Petrokimiku","Ropa naftowa, gaz i petrochemia","Petróleo, Gás e Petroquímica","Petrol, gaze și petrochimie","Ropa, plyn a petrochémia","Nafta, plin in petrokemikalija","Petróleo, gas y petroquímica","Olja, gas och petrokemi","Petrol, Gaz ve Petrokimya","Нефть, газ и нефтехимия","Нафта, газ і нафтохімія","Olje, gass og petrokjemi","Olje, gass og petrokjemi",house.svg,1010
SEC_0102,Other / Custom,Друго / Персонализирано,Ostalo / prilagođeno,Ostatní / Vlastní,Andet / Brugerdefineret,Overig / Aangepast,Muu / Kohandatud,Muu / Mukautettu,Autre / Personnalisé,Andere / Benutzerdefiniert,Άλλο / Προσαρμοσμένο,Egyéb / Egyedi,Eile / Saincheaptha,Altro / Personalizzato,Cits / Pielāgots,Kita / Custom,Oħrajn / Custom,Inne / Niestandardowe,Outros / Personalizados,Altele / Personalizat,Iné / Vlastné,Drugo / po meri,Otro / Personalizado,Annat / Custom,Diğer / Özel,Другое / Пользовательское,Інше / Custom,Annet / Custom,Annet / Custom,house.svg,1020
SEC_0103,Personal & Family,Лични и семейни,Osobno i obitelj,Osobní & Rodina,Personligt & Familie,Persoonlijk & Gezin,Isiklik ja perekond,Henkilökohtainen & Perhe,Personnel et familial,Persönliches & Familie,Προσωπικό & Οικογενειακό,Személyes és Családi,Pearsanta & Teaghlaigh,Personale e famiglia,Personīgi un ģimene,Asmeninis ir Šeima,Personali u Familja,Osobiste i rodzinne,Pessoal e Familiar,Personal și familie,Osobné a rodinné,Osebno in družina,Personal y Familiar,Personligt & Familj,Kişisel ve Aile,Личное и семейное,Особисте та сімейне,Personlig og familie,Personlig og familie,house.svg,1030
SEC_0104,Personal Services,Персонални услуги,Osobne usluge,Osobní služby,Personlige tjenester,Persoonlijke diensten,Isiklikud teenused,Henkilökohtaiset palvelut,Services personnels,Persönliche Dienstleistungen,Προσωπικές Υπηρεσίες,Személyes szolgáltatások,Seirbhísí Pearsanta,Servizi alla persona,Personīgie pakalpojumi,Asmeninės paslaugos,Servizzi Personali,Usługi osobiste,Serviços Pessoais,Servicii personale,Osobné služby,Osebne storitve,Servicios Personales,Personliga tjänster,Kişisel Hizmetler,Персональные услуги,Персональні послуги,Personlige tjenester,Personlige tjenester,house.svg,1040
SEC_0105,Personal Styling,Личен стайлинг,Osobni stil,Osobní styling,Personlig styling,Persoonlijke styling,Isiklik stiil,Henkilökohtainen tyyli,Style personnel,Persönliches Styling,Προσωπικό Styling,Személyes stílus,Stíleáil Phearsanta,Stile personale,Personīgais stils,Asmeninis stilius,Styling Personali,Stylizacja osobista,Estilo Pessoal,Styling personal,Osobný styling,Osebni stil,Estilo personal,Personlig styling,Kişisel Stil Danışmanlığı,Персональный стиль,Персональний стиль,Personlig styling,Personlig styling,house.svg,1050
SEC_0106,Personal Support & Lifestyle,Лична подкрепа и начин на живот,Osobna podrška i stil života,Osobní podpora a životní styl,Personlig support og livsstil,Persoonlijke ondersteuning en levensstijl,Isiklik tugi ja elustiil,Henkilökohtainen tuki ja elämäntapa,Soutien personnel et style de vie,Persönliche Unterstützung & Lebensstil,Προσωπική Υποστήριξη & Τρόπος Ζωής,Személyes támogatás és életmód,Tacaíocht Phearsanta & Stíl Mhaireachtála,Supporto personale e stile di vita,Personīgais atbalsts un dzīvesveids,Asmeninė pagalba ir gyvenimo būdas,Appoġġ Personali u Stil ta' Ħajja,Wsparcie osobiste i styl życia,Suporte Pessoal e Estilo de Vida,Suport personal și stil de viață,Osobná podpora a životný štýl,Osebna podpora in življenjski slog,Apoyo personal y estilo de vida,Personligt stöd & livsstil,Kişisel Destek ve Yaşam Tarzı,Личная поддержка и образ жизни,Особиста підтримка та спосіб життя,Personlig støtte og livsstil,Personlig støtte og livsstil,house.svg,1060
SEC_0107,Pet & Animal,Домашни любимци и животни,Kućni ljubimci i životinje,Pet & Animal,Kæledyr & Dyr,Huisdier & Dier,Lemmikloom ja loom,Lemmikki & Animal,Animaux de compagnie et animaux,Haustier & Tier,Pet & Animal,Kisállat és Állat,Peataí & Ainmhí,Animali domestici e animali,Mājdzīvnieki un dzīvnieki,Naminiai gyvūnai ir gyvūnai,Pet u Annimali,Zwierzęta domowe i zwierzęta,Animais de estimação e animais,Animale de companie și animale,Pet & Animal,Hišni ljubljenčki in živali,Mascotas y animales,Husdjur & Djur,Evcil Hayvan ve Hayvan,Домашние животные и животные,Домашні тварини,Kjæledyr og dyr,Kjæledyr og dyr,house.svg,1070
SEC_0108,Pets,домашни любимци,Kućni ljubimci,Domácí mazlíčci,Kæledyr,Huisdieren,Lemmikloomad,Lemmikit,Animaux de compagnie,Haustiere,Κατοικίδια,Háziállatok,Peataí,Animali domestici,Mājdzīvnieki,Naminiai gyvūnai,Pets,Zwierzęta domowe,Animais de estimação,Animale de companie,Domáce zvieratá,Domače živali,Mascotas,Husdjur,Evcil Hayvanlar,Домашние животные,Домашні тварини,Kjæledyr,Kjæledyr,house.svg,1080
SEC_0109,Photography,Фотография,Fotografija,Fotografování,Fotografering,Fotografie,Fotograafia,Valokuvaus,Photographie,Fotografie,Φωτογραφία,Fényképezés,Grianghrafadóireacht,Fotografia,Fotogrāfija,Fotografija,Fotografija,Fotografia,Fotografia,Fotografie,Fotografovanie,fotografija,Fotografía,Fotografi,Fotoğrafçılık,Фотография,Фотографія,Fotografering,Fotografering,house.svg,1090
SEC_0110,"Professional Services (HR, Admin, Translation)","Професионални услуги (HR, администратор, превод)","Profesionalne usluge (HR, administracija, prijevod)","Profesionální služby (HR, administrátoři, překlady)","Professionelle tjenester (HR, Admin, Oversættelse)","Professionele diensten (HR, administratie, vertaling)","Professionaalsed teenused (HR, administraator, tõlge)","Asiantuntijapalvelut (HR, järjestelmänvalvoja, käännös)","Services professionnels (RH, administration, traduction)","Professionelle Dienstleistungen (Personalwesen, Verwaltung, Übersetzung)","Επαγγελματικές Υπηρεσίες (HR, Διαχειριστής, Μετάφραση)","Szakmai szolgáltatások (HR, Adminisztráció, Fordítás)","Seirbhísí Gairmiúla (AD, Riarachán, Aistriúchán)","Servizi professionali (risorse umane, amministrazione, traduzione)","Profesionāli pakalpojumi (HR, administrators, tulkošana)","Profesionalios paslaugos (HR, administratorius, vertimas)","Servizzi Professjonali (HR, Admin, Traduzzjoni)","Usługi profesjonalne (HR, administracja, tłumaczenia)","Serviços Profissionais (RH, Administração, Tradução)","Servicii profesionale (HR, Admin, Traduceri)","Profesionálne služby (HR, administrátor, preklad)","Strokovne storitve (HR, skrbništvo, prevajanje)","Servicios profesionales (RR.HH., administración, traducción)","Professionella tjänster (HR, admin, översättning)","Profesyonel Hizmetler (İK, Yönetim, Tercüme)","Профессиональные услуги (кадры, администрирование, перевод)","Професійні послуги (HR, адміністратор, переклад)","Profesjonelle tjenester (HR, administrasjon, oversettelse)","Profesjonelle tjenester (HR, administrasjon, oversettelse)",house.svg,1100
SEC_0111,Public Services,Обществени услуги,Javne službe,Veřejné služby,Offentlige tjenester,Openbare diensten,Avalikud teenused,Julkiset palvelut,Services publics,Öffentliche Dienste,Δημόσιες Υπηρεσίες,Közszolgáltatások,Seirbhísí Poiblí,Servizi pubblici,Sabiedriskie pakalpojumi,Viešosios paslaugos,Servizzi Pubbliċi,Usługi publiczne,Serviços públicos,Servicii publice,Verejné služby,Javne storitve,Servicios públicos,Offentliga tjänster,Kamu Hizmetleri,Государственные услуги,Державні послуги,Offentlige tjenester,Offentlige tjenester,house.svg,1110
SEC_0112,Real Estate Support,Поддръжка на недвижими имоти,Podrška za nekretnine,Podpora nemovitostí,Ejendomsstøtte,Ondersteuning voor onroerend goed,Kinnisvara tugi,Kiinteistön tuki,Soutien immobilier,Immobilienbetreuung,Υποστήριξη Ακίνητης Περιουσίας,Ingatlan támogatás,Tacaíocht Real Estate,Supporto immobiliare,Nekustamā īpašuma atbalsts,Nekilnojamojo turto parama,Appoġġ ta' Real Estate,Wsparcie w obrocie nieruchomościami,Suporte Imobiliário,Suport imobiliar,Podpora nehnuteľností,Podpora pri nepremičninah,Apoyo inmobiliario,Fastighetsstöd,Gayrimenkul Desteği,Поддержка в сфере недвижимости,Підтримка нерухомості,Eiendomsstøtte,Eiendomsstøtte,house.svg,1120
SEC_0113,Remote Work,Дистанционна работа,Rad na daljinu,Práce na dálku,Fjernarbejde,Werken op afstand,Kaugtöö,Etätyö,Travail à distance,Remote-Arbeit,Εργασία εξ αποστάσεως,Távoli munka,Obair Chian,Lavoro a distanza,Attālais darbs,Nuotolinis darbas,Xogħol mill-bogħod,Praca zdalna,Trabalho Remoto,Lucru de la distanță,Práca na diaľku,Delo na daljavo,Trabajo remoto,Fjärrarbete,Uzaktan Çalışma,Удаленная работа,Віддалена робота,Fjernarbeid,Fjernarbeid,house.svg,1130
SEC_0114,Repair,Ремонт,Popravak,Opravit,Reparation,Reparatie,Remont,Korjaus,Réparation,Reparieren,Επισκευή,Javítás,Deisiúchán,Riparazione,Remonts,Remontas,Tiswija,Naprawa,Reparar,Repara,Oprava,Popravilo,Reparar,Reparera,Tamirat,Ремонт,Ремонт,Reparere,Reparere,repairs.svg,1140
SEC_0115,Repairs & Fixes,Ремонти и поправки,Popravci i popravke,Opravy a opravy,Reparationer og rettelser,Reparaties en reparaties,Remont ja parandused,Korjaukset ja korjaukset,Réparations et correctifs,Reparaturen & Korrekturen,Επισκευές & Διορθώσεις,Javítások és javítások,Deisiúcháin & Ceartúcháin,Riparazioni e correzioni,Remonts un labojumi,Remontas ir pataisymai,Tiswijiet u Tiswijiet,Naprawy i naprawy,Reparos e consertos,Reparații și remedieri,Opravy a opravy,Popravila in popravki,Reparaciones y arreglos,Reparationer och fixar,Onarımlar ve Düzeltmeler,Ремонт и исправления,Ремонт і виправлення,Reparasjoner og reparasjoner,Reparasjoner og reparasjoner,repairs.svg,1150
SEC_0116,Retail,Търговия на дребно,Maloprodaja,Maloobchodní,Detailhandel,Detailhandel,Jaemüük,Vähittäiskauppa,Vente au détail,Einzelhandel,Λιανική πώληση,Kiskereskedelem,Miondíol,Vedere al dettaglio,Mazumtirdzniecība,Mažmeninė prekyba,Bejgħ bl-imnut,Sprzedaż detaliczna,Varejo,Cu amănuntul,Maloobchod,Maloprodaja,Minorista,Detaljhandel,Perakende,Розничная торговля,Роздрібна торгівля,Detaljhandel,Detaljhandel,house.svg,1160
SEC_0117,Retail Services,Услуги за търговия на дребно,Maloprodajne usluge,Maloobchodní služby,Detailservice,Detailhandelsdiensten,Jaemüügiteenused,Vähittäiskauppapalvelut,Services de vente au détail,Einzelhandelsdienstleistungen,Υπηρεσίες λιανικής,Kiskereskedelmi szolgáltatások,Seirbhísí Miondíola,Servizi al dettaglio,Mazumtirdzniecības pakalpojumi,Mažmeninės prekybos paslaugos,Servizzi ta' Bejgħ bl-Imnut,Usługi detaliczne,Serviços de varejo,Servicii de vânzare cu amănuntul,Maloobchodné služby,Maloprodajne storitve,Servicios minoristas,Detaljhandelstjänster,Perakende Hizmetleri,Розничные услуги,Роздрібні послуги,Detaljhandelstjenester,Detaljhandelstjenester,house.svg,1170
SEC_0118,Science,Наука,Znanost,Věda,Videnskab,Wetenschap,Teadus,Tiede,Science,Wissenschaft,Επιστήμη,Tudomány,Eolaíocht,Scienza,Zinātne,Mokslas,Xjenza,Nauka,Ciência,Ştiinţă,Veda,Znanost,Ciencia,Vetenskap,Bilim,Наука,Наука,Vitenskap,Vitenskap,house.svg,1180
SEC_0119,Science & Research,Наука и изследвания,Znanost i istraživanje,Věda a výzkum,Videnskab og forskning,Wetenschap en onderzoek,Teadus ja uurimistöö,Tiede ja tutkimus,Science et recherche,Wissenschaft & Forschung,Επιστήμη & Έρευνα,Tudomány és kutatás,Eolaíocht & Taighde,Scienza e ricerca,Zinātne un pētniecība,Mokslas ir tyrimai,Xjenza u Riċerka,Nauka i badania,Ciência e Pesquisa,Știință și cercetare,Veda a výskum,Znanost in raziskave,Ciencia e investigación,Vetenskap & forskning,Bilim ve Araştırma,Наука и исследования,Наука та дослідження,Vitenskap og forskning,Vitenskap og forskning,house.svg,1190
SEC_0120,Security,сигурност,Sigurnost,Zabezpečení,Sikkerhed,Beveiliging,Turvalisus,Turvallisuus,Sécurité,Sicherheit,Ασφάλεια,Biztonság,Slándáil,Sicurezza,Drošība,Saugumas,Sigurtà,Bezpieczeństwo,Segurança,Securitate,Bezpečnosť,Varnost,Seguridad,Säkerhet,Güvenlik,Безопасность,Безпека,Sikkerhet,Sikkerhet,house.svg,1200
SEC_0121,Sports & Fitness,Спорт и фитнес,Sport i fitness,Sport a fitness,Sport & Fitness,Sport & Fitness,Sport & Fitness,Urheilu ja kuntoilu,Sports et fitness,Sport & Fitness,Αθλητισμός & Γυμναστική,Sport és Fitness,Spóirt & Folláine,Sport e fitness,Sports un fitness,Sportas ir kūno rengyba,Sports u Fitness,Sport i fitness,Esportes e Fitness,Sport și fitness,Šport a fitness,Šport in fitnes,Deportes y fitness,Sport & Fitness,Spor ve Fitness,Спорт и фитнес,Спорт і фітнес,Sport og trening,Sport og trening,house.svg,1210
SEC_0122,Sports & Major Events,Спорт и важни събития,Sport i veliki događaji,Sport a velké události,Sport og store begivenheder,Sport & Grote Evenementen,Sport ja suursündmused,Urheilu ja suurtapahtumat,Sports et grands événements,Sport & Großveranstaltungen,Αθλητισμός & Σημαντικές Εκδηλώσεις,Sport és fontosabb események,Spóirt & Imeachtaí Móra,Sport e grandi eventi,Sports un lieli notikumi,Sportas ir pagrindiniai renginiai,Sports & Avvenimenti Maġġuri,Sport i ważne wydarzenia,Esportes e Grandes Eventos,Sport și evenimente majore,Šport a významné podujatia,Šport in veliki dogodki,Deportes y eventos importantes,Sport och stora evenemang,Spor ve Büyük Etkinlikler,Спорт и крупные события,Спорт і великі події,Sport og store begivenheter,Sport og store begivenheter,house.svg,1220
SEC_0123,Sustainability,Устойчивост,Održivost,Udržitelnost,Bæredygtighed,Duurzaamheid,Jätkusuutlikkus,Kestävyys,Durabilité,Nachhaltigkeit,Βιωσιμότητα,Fenntarthatóság,Inbhuanaitheacht,Sostenibilità,Ilgtspējība,Tvarumas,Sostenibbiltà,Zrównoważony rozwój,Sustentabilidade,Sustenabilitate,Udržateľnosť,Trajnost,Sostenibilidad,Hållbarhet,Sürdürülebilirlik,Устойчивость,Стійкість,Bærekraft,Bærekraft,house.svg,1230
SEC_0124,Sustainability & Eco,Устойчивост и екология,Održivost i ekološki,Udržitelnost & Eco,Bæredygtighed og miljø,Duurzaamheid & Eco,Jätkusuutlikkus ja öko,Kestävä kehitys ja eko,Durabilité et écologie,Nachhaltigkeit & Öko,Αειφορία & Οικ,Fenntarthatóság és öko,Inbhuanaitheacht & Éicea,Sostenibilità ed Eco,Ilgtspējība un eko,Tvarumas ir ekologiškumas,Sostenibbiltà u Eko,Zrównoważony rozwój i ekologia,Sustentabilidade e Eco,Sustenabilitate și Eco,Udržateľnosť a eko,Trajnost in eko,Sostenibilidad y ecología,Hållbarhet & Eko,Sürdürülebilirlik ve Eko,Устойчивое развитие и экология,Стійкість і екологія,Bærekraft og øko,Bærekraft og øko,house.svg,1240
SEC_0125,Tech,техн,tehn,Tech,Tech,Techniek,Tehn,Tech,Technologie,Technik,Τεχν,Tech,Teic,Tecnologia,Tehn,Tech,Tech,Technologia,Tecnologia,Teh,Tech,Tech,Tecnología,Tech,Teknoloji,Технологический,техн,Tech,Tech,house.svg,1250
SEC_0126,Tech Services,Технически услуги,Tehničke usluge,Technické služby,Tekniske tjenester,Technische diensten,Tehnilised teenused,Tekniset palvelut,Services techniques,Technische Dienste,Τεχνικές Υπηρεσίες,Tech Services,Seirbhísí Teicniúla,Servizi tecnologici,Tehniskie pakalpojumi,Techninės paslaugos,Servizzi Teknoloġiċi,Usługi techniczne,Serviços de tecnologia,Servicii Tehnologice,Technické služby,Tehnične storitve,Servicios tecnológicos,Tekniska tjänster,Teknik Hizmetler,Технические услуги,Технічні послуги,Tekniske tjenester,Tekniske tjenester,house.svg,1260
SEC_0127,Technical Services,Технически услуги,Tehničke usluge,Technické služby,Tekniske tjenester,Technische diensten,Tehnilised teenused,Tekniset palvelut,Services techniques,Technische Dienste,Τεχνικές Υπηρεσίες,Műszaki szolgáltatások,Seirbhísí Teicniúla,Servizi tecnici,Tehniskie pakalpojumi,Techninės paslaugos,Servizzi Tekniċi,Usługi techniczne,Serviços Técnicos,Servicii tehnice,technické služby,Tehnične storitve,Servicios técnicos,Tekniska tjänster,Teknik Hizmetler,Технические услуги,Технічні послуги,Tekniske tjenester,Tekniske tjenester,house.svg,1270
SEC_0128,Technology,технология,Tehnologija,Technologie,Teknologi,Technologie,Tehnoloogia,Tekniikka,Technologie,Technologie,Τεχνολογία,Technológia,Teicneolaíocht,Tecnologia,Tehnoloģija,Technologijos,Teknoloġija,Technologia,Tecnologia,Tehnologie,Technológia,tehnologija,Tecnología,Teknologi,Teknoloji,Технология,технології,Teknologi,Teknologi,house.svg,1280
SEC_0129,Telecommunications,Телекомуникации,Telekomunikacija,Telekomunikace,Telekommunikation,Telecommunicatie,Telekommunikatsioon,Tietoliikenne,Télécommunications,Telekommunikation,Τηλεπικοινωνίες,Távközlés,Teileachumarsáid,Telecomunicazioni,Telekomunikācijas,Telekomunikacijos,Telekomunikazzjonijiet,Telekomunikacja,Telecomunicações,Telecomunicatii,Telekomunikácie,Telekomunikacije,Telecomunicaciones,Telekommunikation,Telekomünikasyon,Телекоммуникации,Телекомунікації,Telekommunikasjon,Telekommunikasjon,house.svg,1290
SEC_0130,Transport & Vehicles,Транспорт и превозни средства,Prijevoz i vozila,Doprava a vozidla,Transport & Køretøjer,Transport & Voertuigen,Transport ja sõidukid,Kuljetus ja ajoneuvot,Transports et véhicules,Transport & Fahrzeuge,Μεταφορές & Οχήματα,Közlekedés és járművek,Iompar & Feithiclí,Trasporti e veicoli,Transports un transportlīdzekļi,Transportas ir transporto priemonės,Trasport u Vetturi,Transport i pojazdy,Transporte e Veículos,Transport & Vehicule,Doprava a vozidlá,Transport in vozila,Transporte y vehículos,Transport & Fordon,Taşımacılık ve Araçlar,Транспорт и транспортные средства,Транспорт і транспортні засоби,Transport og kjøretøy,Transport og kjøretøy,house.svg,1300
SEC_0131,Transportation,Транспорт,Prijevoz,Přeprava,Transport,Vervoer,Transport,Kuljetus,Transport,Transport,Μεταφορά,Szállítás,Iompar,Trasporti,Transports,Transportas,Trasport,Transport,Transporte,Transport,Doprava,Prevozništvo,Transporte,Transport,Toplu taşıma,Транспорт,Транспорт,Transport,Transport,house.svg,1310
SEC_0132,"Travel, Tourism & Hospitality","Пътуване, туризъм и хотелиерство","Putovanja, turizam i ugostiteljstvo","Cestování, turistika a pohostinství","Rejser, turisme og gæstfrihed","Reizen, toerisme en gastvrijheid","Reisimine, turism ja külalislahkus","Matkailu, matkailu ja vieraanvaraisuus","Voyages, tourisme et hôtellerie","Reisen, Tourismus & Gastgewerbe","Ταξίδια, Τουρισμός & Φιλοξενία","Utazás, turizmus és vendéglátás","Taisteal, Turasóireacht & Fáilteachas","Viaggi, turismo e ospitalità","Ceļojumi, tūrisms un viesmīlība","Kelionės, turizmas ir svetingumas","Ivvjaġġar, Turiżmu u Ospitalità","Podróże, turystyka i gościnność","Viagens, Turismo e Hospitalidade","Călătorii, turism și ospitalitate","Cestovanie, turizmus a pohostinstvo","Potovanja, turizem in gostinstvo","Viajes, turismo y hostelería","Resor, turism och gästfrihet","Seyahat, Turizm ve Misafirperverlik","Путешествия, туризм и гостеприимство","Подорожі, туризм і готельний бізнес","Reise, turisme og gjestfrihet","Reise, turisme og gjestfrihet",house.svg,1320
SEC_0133,Utilities & Waste Management,Комунални услуги и управление на отпадъците,Komunalne usluge i upravljanje otpadom,Utility a odpadové hospodářství,Forsyning og affaldshåndtering,Nutsbedrijven en afvalbeheer,Kommunaalteenused ja jäätmekäitlus,Palvelut ja jätehuolto,Services publics et gestion des déchets,Ver- und Entsorgung,Υπηρεσίες κοινής ωφέλειας και διαχείριση απορριμμάτων,Közművek és hulladékkezelés,Fóntais & Bainistiú Dramhaíola,Servizi di pubblica utilità e gestione dei rifiuti,Komunālie pakalpojumi un atkritumu apsaimniekošana,Komunalinės paslaugos ir atliekų tvarkymas,Utilitajiet u Ġestjoni tal-Iskart,Usługi komunalne i gospodarka odpadami,Serviços Públicos e Gestão de Resíduos,Utilități și management al deșeurilor,Verejné služby a odpadové hospodárstvo,Komunalne storitve in ravnanje z odpadki,Servicios públicos y gestión de residuos,Verktyg och avfallshantering,Kamu Hizmetleri ve Atık Yönetimi,Коммунальные услуги и управление отходами,Комунальні послуги та управління відходами,Verktøy og avfallshåndtering,Verktøy og avfallshåndtering,house.svg,1330
SEC_0134,Wellness,Уелнес,Wellness,Wellness,Wellness,Welzijn,Tervist,Hyvinvointi,Bien-être,Wellness,Ευεξία,Wellness,Folláine,Benessere,Labsajūta,Sveikata,Benessri,Dobra kondycja,Bem-estar,Wellness,Wellness,Wellness,Bienestar,Friskvård,Sağlık,Оздоровление,оздоровчий,Velvære,Velvære,flower.svg,1340
SEC_0135,Wellness & Lifestyle,Уелнес и начин на живот,Wellness i životni stil,Wellness a životní styl,Wellness & Livsstil,Welzijn & Levensstijl,Tervis ja elustiil,Hyvinvointi & Lifestyle,Bien-être et style de vie,Wellness & Lifestyle,Ευεξία & Τρόπος Ζωής,Wellness és életmód,Folláine & Stíl Mhaireachtála,Benessere e stile di vita,Labsajūta un dzīvesveids,Sveikata ir gyvenimo būdas,Benessri u Stil ta' Ħajja,Wellness i styl życia,Bem-estar e estilo de vida,Wellness și stil de viață,Wellness a životný štýl,Wellness in življenjski slog,Bienestar y estilo de vida,Friskvård & Livsstil,Sağlık ve Yaşam Tarzı,Здоровье и образ жизни,Оздоровлення та спосіб життя,Velvære og livsstil,Velvære og livsstil,flower.svg,1350
